formula,amine_class,smiles,Actual_Category,Predicted_Category
C13H17NO2,tertiary,COc1cccc(OC2=CCN(C)CC2)c1,1,1
C13H16N2O2,tertiary,CCN(CC)CN1C(=O)C(=O)c2ccccc21,0,0
C6H13NO4,primary,N[C@H]1C[C@@H](O)[C@H](O)[C@@H](O)[C@H]1O,1,0
C10H16N2O2,primary,CCOc1cncc(OCC)c1CN,1,1
C12H17NO2,secondary,COc1ccccc1OC[C@@H]1CCCN1,1,1
C12H15N3,secondary,Cn1c(C2CCCN2)nc2ccccc21,1,1
C9H18N2O,primary,CC(C)C(N)C(=O)N1CCCC1,1,1
C10H15N3O,secondary,Oc1cccnc1CN1CCNCC1,1,1
C12H19NO3,primary,COc1cc(CC(N)OC)c(OC)cc1C,1,1
C8H16N2,secondary,C1CCN2CCNCC2C1,1,1
C11H16N2O,secondary,c1cncc(COCC2CCNC2)c1,1,1
C10H19N3,secondary,CCCNCCCCc1c[nH]cn1,1,1
C11H14N2O,primary,Cn1cc(C(O)CN)c2ccccc21,1,1
C11H18N4O3,secondary,NC(=O)CN1CC[C@H](NC(=O)C2CCCN2)C1=O,1,0
C6H14N2O3,primary,NC[C@@H]1NC[C@H](O)[C@@H](O)[C@H]1O,1,0
C11H13NO2,secondary,CNC/C=C/c1ccc2c(c1)OCO2,1,1
C11H18N2O,secondary,C[C@H]1C[C@H]1C(=O)N1CC2CNCC2C1,1,1
C12H19N3O,tertiary,Cn1ccnc1[C@@H](O)[C@@H]1CC2CCN1CC2,1,0
C13H16N4O,tertiary,O=c1[nH]cnc2c(CN3CCCCC3)nccc12,1,1
C8H9N,primary,NC12C3C4C5C3C1C5C42,1,1
C13H15N3O,secondary,NC(=O)c1c2n(c3ccccc13)CCNCC2,1,1
C8H13NO,tertiary,C#CCN1CCCC(O)C1,1,1
C9H24N4,primary,NCCCNCCCNCCCN,1,1
C11H19NO2,tertiary,CC1(C)OCC2(CN3CCC2CC3)O1,1,1
C11H15NO4,secondary,OC[C@]1(c2ccc(O)cc2)NC[C@H](O)[C@H]1O,1,0
C13H17N3O,tertiary,Cc1ccc2nc(N3CCN(C)CC3)oc2c1,1,1
C12H17NO,primary,NC[C@@H]1c2ccccc2CCC[C@H]1O,1,1
C13H15N3O,secondary,c1ccc(-c2noc(C3CCNCC3)n2)cc1,1,1
C10H15NO2,tertiary,COc1cc(CN(C)C)ccc1O,1,1
C13H21N5O2,tertiary,CCCn1c(=O)n(CCCN(C)C)c(=O)c2[nH]cnc21,1,1
C11H18N2O2,tertiary,CCc1c(O)c(=O)ccn1CCN(C)C,1,1
C12H14N2O,tertiary,CN(C)Cc1ccc(O)c2ncccc12,1,1
C11H15NO2,primary,C[C@H]1O[C@@H](c2ccccc2)OC[C@H]1N,1,0
C13H23N,primary,CC(C)(N)C12CC3CC(CC(C3)C1)C2,1,1
C12H16N2O,primary,N[C@H](C(=O)N1CCCC1)c1ccccc1,1,1
C9H17N3O2,primary,CC[C@H](N)C(=O)N1CCC[C@H]1C(N)=O,1,1
C9H15N3O2,primary,NC(=O)C[C@H](N)C(=O)N1CC[C@@H]2C[C@@H]21,1,0
C6H13N,secondary,CC1CCNCC1,1,1
C12H17NO,tertiary,CN1CCC(O)(c2ccccc2)CC1,1,1
C12H14N2,secondary,Cn1c2c(c3ccccc31)CNCC2,1,1
C9H15N,tertiary,CN1CC=C(C2CC2)CC1,1,1
C13H16N4,secondary,c1ccc(Cc2nnc3n2CCNCC3)cc1,1,0
C9H13N5,secondary,C#CCn1nnc(C2CCCNC2)n1,1,1
C11H15NO,secondary,COCC1Cc2ccccc2CN1,1,1
C6H13NO3,secondary,OC[C@H]1NCC[C@@H](O)[C@H]1O,1,1
C13H24N6,tertiary,CCN(CC)c1cc(N2CCN(C)CC2)nc(N)n1,1,1
C13H19NO3,secondary,CC(C)NCC1OCCc2c1ccc(O)c2O,1,1
C11H16N2,tertiary,Cc1ncccc1C1CCCN1C,1,1
C12H19N5O4,tertiary,CC(=O)O.CN(CCO)Cc1c[nH]c2c(O)nc(N)nc12,1,1
C12H16N2,secondary,c1ccc2c(c1)CC[C@@H]1CNCCN21,1,1
C12H27NO,primary,CCCCCCCCC[C@@H](O)[C@H](C)N,1,1
C11H15NO2,primary,NCC1CCCc2cc(O)c(O)cc21,1,1
C4H8N2,tertiary,CN(C)CC#N,0,0
C12H17NO2,secondary,CN[C@@H](C)Cc1ccc2c(c1)OCCO2,1,1
C8H17NO,primary,NC[C@@H](O)C1CCCCC1,1,1
C11H24N2,secondary,CN(C)C1CC(C)(C)NC(C)(C)C1,1,1
C12H17N3O,secondary,COc1ccc(N2CC[C@@H]3CN[C@@H]3C2)cn1,1,1
C8H15NO2,secondary,CCOC(=O)C1CCNCC1,1,1
C10H12N2O,secondary,NC(=O)C1Cc2ccccc2CN1,1,1
C12H18N2O3,tertiary,O=C(CCN(CCO)CCO)c1ccncc1,1,0
C12H18N4O4,secondary,O=c1[nH]cnc2c(CNC[C@H](CO)[C@H](O)CO)c[nH]c12,1,0
C3H5N,primary,C#CCN,1,1
C12H13N3O2,secondary,N#Cc1ccoc1C(=O)N1CC2CNCC2C1,1,1
C11H16N2O,secondary,O=C(C1CC=CC1)N1CC2CC(C1)N2,1,1
C12H17NO2,secondary,CNC1Cc2ccc(OC)c(OC)c2C1,1,1
C12H20N4O3,primary,COC(=O)[C@H](Cc1cnc[nH]1)NC(=O)[C@@H](N)C(C)C,1,1
C12H17NO,tertiary,CN1CCC[C@H]1COc1ccccc1,1,1
C12H26N2O,primary,CC(=O)NCCCCCCCCCCN,1,1
C12H19N5,primary,Nc1nc(C2CCCC2)cc(N2CC(N)C2)n1,1,1
C10H14N2O,primary,NCCCCC(=O)c1cccnc1,1,1
C11H17N3,tertiary,CN1CCN(c2ccc(N)cc2)CC1,1,1
C13H24N6,tertiary,CCc1cc(C)nc(NC(=N)NCCCN(C)C)n1,1,1
C10H14N2O,tertiary,CN1CC[C@@H](Oc2cccnc2)C1,1,1
C12H17N3O,secondary,C[C@@H]1CNC[C@H]2Cc3ccc(CO)nc3N21,1,1
C3H9N3O6,primary,NCCCO[N+](=O)[O-].O=[N+]([O-])O,1,0
C8H14N2O2,secondary,COC1=NO[C@@H]([C@@H]2CCCN2)C1,1,0
C7H18N2,primary,CC(C)C[C@H](N)CCN,1,1
C9H13N3O,tertiary,Cc1noc(C23CCN(CC2)C3)n1,1,0
C10H14N2O,primary,Cc1cccc(NC(=O)C(C)N)c1,1,1
C11H17NO3,secondary,CC(C)NC[C@@H](O)c1ccc(O)c(O)c1,1,1
C13H14N2O2,secondary,O=c1[nH]ccc2cc(O[C@@H]3CCNC3)ccc12,1,1
C12H16N2O4,primary,C[C@H](NC(=O)[C@@H](N)Cc1ccc(O)cc1)C(=O)O,1,0
C8H17NO4,secondary,CC[C@@H]1N[C@H](CO)[C@@H](O)[C@H](O)[C@@H]1O,1,0
C9H11N3O3,secondary,O=C1CC(NCc2ccco2)C(=O)NN1,0,0
C9H18N2O3,primary,COC(=O)CNC(=O)[C@@H](N)CC(C)C,1,0
C9H20N4O3,tertiary,N=C(N)NCCCN1C[C@H](O)[C@H](O)[C@H]1CO,1,1
C13H24N2O3,tertiary,CCOC(=O)NC1CC2(CCN(C)CC2)OC1C,1,1
C12H14N8O,secondary,Nc1nc(N2CCNCC2)nc2nc(-c3ccco3)nn12,1,1
C12H16N2,tertiary,c1cc(CN2C3CCC2CC3)ccn1,1,1
C12H26N2O,secondary,CC(=O)CCCCCNCCCN(C)C,1,1
C6H13NO4,secondary,OC[C@H](O)[C@@H]1NC[C@H](O)[C@@H]1O,1,0
C10H18N2O,secondary,CCC(=O)N1CC2CNCC(C2)C1,1,1
C7H18N2O4,primary,N[C@H](CO)[C@@H](O)C[C@H](O)[C@H](N)CO,1,0
C13H16N2O,secondary,Cc1coc2c(N3CCNCC3)cccc12,1,1
C11H14N2O4,primary,N[C@@H](CC1=CCCCc2onc(O)c21)C(=O)O,1,0
C11H15NO,primary,COc1cccc2c1C[C@H](N)CC2,1,1
C8H15N,tertiary,CC1CCN2CCCC12,1,1
C6H16N2O2,secondary,OCCNCCNCCO,1,0
C8H17NO4,tertiary,C[C@@H]1[C@H](O)[C@@H](O)[C@H](O)[C@@H](CO)N1C,1,0
C11H12N2,secondary,c1ccc2c(c1)cc1n2CCNC1,1,1
C8H13N3O,primary,C[C@H](N)C(=O)N1CCC[C@H]1C#N,1,0
C12H17NO,primary,COc1cccc2c1CC[C@@H](N)[C@H]2C,1,1
C10H19NO6,tertiary,O=C(CN1CCOCC1)[C@@H](O)[C@H](O)[C@H](O)CO,0,0
C11H24N8O4,primary,NCCCN(CC(N)=O)C(=O)[C@@H](N)CCC/N=C(\N)N[N+](=O)[O-],1,0
C12H14N2O,tertiary,CN1CCC[C@H]1c1cc2ncccc2o1,1,1
C9H16N2O,tertiary,CN1CCC(N2CCCC2=O)C1,1,1
C12H15N,tertiary,[2H]C1([2H])C=C(c2ccccc2)CCN1C,1,1
C12H26N4,secondary,C1CNCCN2CCCNCCN(C1)CC2,1,1
C13H17N5O3,tertiary,CN(C)CCCNc1nc(-c2ccc([N+](=O)[O-])cc2)no1,1,1
C13H19N3O,secondary,COCc1ccnc2c1CC[C@@H]1CNCCN21,1,1
C9H16N6O3,secondary,CN1C=NC([N+](=O)[O-])C1NCCN1CCNC1=O,0,0
C11H22N2O,primary,CC[C@H](C)[C@H](N)C(=O)NC1CCCC1,1,1
C12H17N3,secondary,Cc1cc(N2C[C@@H]3CNC[C@@H]32)cnc1C,1,1
C13H19NO,primary,NCC[C@H]1CCC[C@@H](c2ccccc2)O1,1,1
C13H20N4O3,tertiary,O=[N+]([O-])c1nccn1CC(O)CN1C2CCCCCC21,0,0
C12H16N2,tertiary,CN1CCC[C@]12CCc1ccncc12,1,1
C13H21NO2,primary,CCc1cc(OC)c(C[C@@H](C)N)cc1OC,1,1
C9H19N3,secondary,C1CC(N2CCNCC2)CCN1,1,1
C10H16N2O2,tertiary,Cc1c(O)c(=O)ccn1CCN(C)C,1,1
C12H14N2O,tertiary,O=C1Nc2ccccc2CN2CCC[C@H]12,1,1
C13H14N2O2,secondary,O=c1c2c(on1Cc1ccccc1)CCNC2,1,1
C7H13NO3,secondary,O[C@@H]1[C@@H](O)C2(CC2)NC[C@@H]1O,1,1
C11H17N3O,secondary,C[C@H]1CC[C@@H](C(=O)N2CCC[C@H]2C#N)N1,1,1
C7H14N2O2,primary,CN(C)C(=O)OC[C@H]1C[C@H]1N,1,1
C11H16N2O,tertiary,CCN1CCC(Oc2cccnc2)C1,1,1
C13H18N2O5,primary,N[C@H](Cc1ccccc1)[C@H](O)C(=O)N[C@@H](CO)C(=O)O,1,0
C9H14N2O,secondary,O=C(C1CC1)N1CC2CC1CN2,1,1
C11H15NO2,tertiary,CC#CCOC(=O)C1=CCCN(C)C1,1,0
C11H18N2O,secondary,C[C@@H]1C[C@H]1C(=O)N1CC2CNCC2C1,1,1
C11H17NO,primary,Cc1cccc(C)c1OC[C@@H](C)N,1,1
C9H18N2O,tertiary,CC(C)=NOC[C@H]1CCCN1C,1,1
C12H21N,primary,CCC1(N)C2CC3CC(C2)CC1C3,1,1
C11H16N2,tertiary,CN(C)CC/C=C/c1cccnc1,1,1
C12H18N2O2,secondary,OC1CNC(CCNc2ccccc2)C1O,1,0
C12H18N4O4,tertiary,O=c1[nH]cnc2c(CN(CCO)C[C@@H](O)CO)c[nH]c12,1,0
C11H22N4O4,primary,CC(C)[C@H](NC(=O)[C@@H](N)CCCNC(N)=O)C(=O)O,1,1
C12H17NO2,primary,CC(C)[C@@H](N)C(=O)OCc1ccccc1,1,0
C12H18N2O4,tertiary,O=C1[C@H]2COC[C@H]2C(=O)N1CCN1CCOCC1,0,0
C9H18N2O4,primary,CO[C@@H]1OC(C)[C@H](N)C(O)[C@@H]1NC(C)=O,1,0
C10H13N,primary,NC1(Cc2ccccc2)CC1,1,1
C13H16N2,tertiary,CN1C2C=C(c3cccnc3)CC1CC2,1,1
C12H24N2O4,secondary,CCCCNC(=O)C[C@H]1N[C@@H](C)[C@@H](O)[C@@H](O)[C@@H]1O,1,0
C10H16N2O2,tertiary,Cc1cc([C@H]2C[C@H](CO)CN2C)on1,1,0
C13H14N2,secondary,C1=C(c2c[nH]c3ccccc23)CCNC1,1,1
C9H17NO6,secondary,O=C(O)CC[C@H]1N[C@@H](CO)[C@H](O)[C@H](O)[C@H]1O,1,0
C12H17N5O3,tertiary,Nc1nc2c(CN3C[C@H](CO)[C@@H](O)C3)c[nH]c2c(=O)[nH]1,1,0
C12H25N7,tertiary,CN(CCCNC1=NCCN1)CCNC1=NCCN1,1,1
C12H25N7,secondary,C(CNCCCNC1=NCCN1)CNC1=NCCN1,1,1
C11H16N2O2,tertiary,C(#CCN1CCCC1)COC1=NOCC1,1,0
C12H15N3,tertiary,N#CCN1CCN(c2ccccc2)CC1,0,0
C7H14N2O3,primary,CCCC(NC(=O)CN)C(=O)O,1,0
C9H12N2,secondary,CNC/C=C\c1cccnc1,1,1
C12H23NO8,secondary,C[C@@H]1O[C@@H](O[C@@H]2CN[C@H](CO)[C@@H](O)[C@@H]2O)[C@H](O)[C@H](O)[C@H]1O,1,0
C9H19NO3,tertiary,CCCCN1CC(O)C(O)C(O)C1,1,1
C9H19NO4,secondary,CCC[C@H](O)[C@@H]1N[C@@H](CO)[C@H](O)[C@H]1O,1,1
C13H15N7,tertiary,CN1CCN(c2nc3ncccc3n3cnnc23)CC1,1,0
C13H20N2O,primary,NCCC(CCN)C(=O)Cc1ccccc1,1,1
C10H13N5O3,primary,NCCCCNc1ccc([N+](=O)[O-])c2nonc12,1,0
C11H21NO3,primary,CCCCCCOC(=O)CCC(=O)CN,1,1
C6H13NO3,secondary,C[C@H]1NC[C@H](O)[C@@H](O)[C@H]1O,1,1
C13H19N7O4,secondary,Cc1ncc([N+](=O)[O-])n1CCNCCCCn1ccnc1[N+](=O)[O-],1,0
C13H19NO2,tertiary,CCCN1CCO[C@@H](c2cccc(O)c2)C1,1,0
C11H20N2O7,primary,CC(=O)N[C@@H]1[C@@H](N)C=C(C(O)O)O[C@H]1C(O)[C@H](O)CO,1,0
C13H15N3O,tertiary,N#CCN1CCN(c2cccccc2=O)CC1,0,0
C12H15N3O,primary,COc1ccc2c(NCCN)ccnc2c1,1,1
C12H16N2O4,primary,C[C@H](N)C(=O)N[C@@H](Cc1ccc(O)cc1)C(=O)O,1,0
C12H16N4O4,primary,COc1nn(CCOCCN)c2ccc([N+](=O)[O-])cc12,1,1
C11H13NO2,secondary,O=C(O)[C@@H](Cc1ccccc1)[C@H]1CN1,1,0
C12H15N,primary,N[C@H]1CC2CC[C@@H]1c1ccccc12,1,1
C5H9N3O2,secondary,C[C@@H]1NCC(=O)NNC1=O,0,0
C12H17NO,tertiary,Cc1ccc(C2CN3CCC2CC3)o1,1,1
C13H17NO,primary,NC12CCCCC1COc1ccccc12,1,1
C11H20N4O3,secondary,Cc1ncc([N+](=O)[O-])n1CC(O)CNCC(C)C,1,0
C12H19N3O4,secondary,NC(=O)NCCNCC(O)COc1ccc(O)cc1,1,0
C13H17NO3,secondary,COc1cc2c(cc1OC)C1CNCC(C2)O1,1,0
C9H15N5,primary,CCc1cc(N2CC(N)C2)nc(N)n1,1,1
C13H14N2,secondary,c1ccc2c3c([nH]c2c1)CC1CCC3N1,1,1
C13H15N3O,secondary,COc1ccc(C2NCCc3[nH]cnc32)cc1,1,1
C13H18N4O,primary,Cc1[nH]nc2[nH]c(=O)cc([C@H]3CC[C@H](N)CC3)c12,1,1
C13H19N3O,tertiary,CC(C)Oc1cncc([C@H]2CN3CCC2C3)n1,1,1
C5H11NO,secondary,OC[C@@H]1CCCN1,1,1
C13H16N2O,tertiary,N#CC(c1ccc(O)cc1)N1CCCCC1,0,0
C13H19N3O2,tertiary,CC(=O)N1CCN(CC#CCN2CCCC2)C1=O,1,0
C13H16N4O,tertiary,CN1CCN(C(=O)c2cc3ccncc3[nH]2)CC1,0,1
C13H19N3,secondary,c1ncc(N2CCCNCC2)cc1C1CC1,1,1
C9H13N3O,secondary,Cn1nc2c(cc1=O)CCNCC2,1,1
C12H15N3,primary,NCC(Cc1ccccc1)c1c[nH]cn1,1,1
C9H12N2O,secondary,c1cncc(OC[C@@H]2CCN2)c1,1,1
C13H17NO2,tertiary,O=C(CCN1CCOCC1)c1ccccc1,0,0
C13H20N2O3,secondary,CC(C)NCC(O)COC(=O)c1ccc(N)cc1,1,0
C13H22N2O4,secondary,O=C(CC1C=CCC1)NC[C@@H]1N[C@H](CO)[C@H](O)[C@@H]1O,1,0
C10H21NO2,tertiary,CCCCN1CCC[C@H](O)[C@H]1CO,1,1
C6H13NO3,secondary,OC[C@@H]1NCC[C@H](O)[C@@H]1O,1,1
C7H15N,secondary,CCC1CCCCN1,1,1
C10H15NO3,secondary,CC(C)CNCc1cc(=O)c(O)co1,1,1
C11H11N,primary,NCc1cccc2ccccc12,1,1
C11H13NO2,primary,NC1CCc2cc3c(cc2C1)OCO3,1,1
C13H23N3,tertiary,CCCN(CCC)[C@@H]1CCn2nccc2C1,1,1
C8H15N3,primary,CC(C)c1nc(CCN)c[nH]1,1,1
C10H13NO,secondary,Oc1cccc(C2CCNC2)c1,1,1
C11H22N2,tertiary,CN1CCCC(C2CCCN2C)C1,1,1
C13H18N2O4,secondary,C[C@@H]1NC(C)(C)CO[C@@]1(O)c1cccc([N+](=O)[O-])c1,1,1
C12H15N,primary,C/C(=C\C1CC1N)c1ccccc1,1,1
C12H17NO4,primary,COc1cc(CC(C)N)c(OC)c2c1OCO2,1,1
C13H18N2,secondary,Cc1ccc2c3c1C(C)CN3CCNC2,1,1
C11H19N3,secondary,CCCCNC1CCc2n[nH]cc2C1,1,1
C12H15N3O3,primary,NC(C(=O)NO)C(=O)N1CCc2ccccc2C1,0,0
C6H7N3O2,secondary,O=C(O)c1[nH]nc2c1CNC2,1,1
C9H14N2,tertiary,CN(C)CCc1ccncc1,1,1
C13H17N7O,tertiary,CN(C)CCCn1c(-c2nonc2N)nc2cnccc21,1,0
C11H19N,primary,CC1(N)C2CC3CC(C2)CC1C3,1,1
C9H11NO3,primary,NCC1OCc2cc(O)c(O)cc21,1,1
C13H17NO,secondary,OCc1cccc([C@H]2C[C@@H]3CC[C@H]2N3)c1,1,1
C13H13N3O,secondary,N#Cc1ccc2c(c1)C(=O)N1CCNC[C@H]1C2,1,0
C11H19NO,tertiary,C[C@@H]1CCC2(CN3CCC2CC3)O1,1,1
C12H19N7O,tertiary,CN1CCN(c2cc(N3CCNC3=O)nc(N)n2)CC1,1,0
C8H13N3,secondary,C[C@H]1CNC[C@H]1c1c[nH]cn1,1,1
C13H16N2O2,secondary,COc1ccc2c(c1)C(=O)N1CCNC[C@H]1C2,1,0
C9H15N3,secondary,c1nc(CC2CCNCC2)c[nH]1,1,1
C11H23NO4,secondary,CC(C)[C@@H](C)NC[C@H]1O[C@H](CO)[C@@H](O)[C@@H]1O,1,0
C11H16N6O3,secondary,Nc1ncnc2c1ncn2C[C@@H]1N[C@H](CO)[C@@H](O)[C@H]1O,1,0
C9H16N2O3,primary,NC1CCCCCN(CC(=O)O)C1=O,1,1
C8H13NO2,tertiary,COC(=O)[C@@H]1CN2CC[C@@H]1C2,1,1
C6H13NO,tertiary,CC(=O)CCN(C)C,1,0
C9H20N2O2,tertiary,CCNC(=O)OCCC(C)N(C)C,1,1
C12H17N7O3,primary,CNC(=O)[C@H]1O[C@@H](n2cnc3c(NC)ncnc32)[C@H](O)[C@@H]1N,1,0
C12H18N4O,tertiary,CN(C)CCCNc1nc2cccc(N)c2o1,1,1
C13H16N2O,secondary,Cc1cccc2c1C[C@@H]1CNCCN1C2=O,1,0
C13H14N2,secondary,c1ccc(C2NCCc3[nH]ccc32)cc1,1,1
C13H22N2O2,tertiary,CCN(CC)CC#CC(C)N(C(C)=O)C(C)=O,1,0
C10H13NO3,primary,COC(N)Cc1ccc2c(c1)OCO2,1,0
C12H18N2,primary,NCc1cccc(CN2CCCC2)c1,1,1
C10H15N3O,secondary,C[C@H]1CO[C@@H](c2ccc(N)nc2)CN1,1,1
C12H12N2O5,primary,N[C@@H](Cc1onc(O)c1-c1ccc(O)cc1)C(=O)O,1,0
C13H21N,secondary,CCCCCNCCc1ccccc1,1,1
C12H16N4O3,tertiary,CN(C)CCCNc1nc2cc([N+](=O)[O-])ccc2o1,1,0
C12H20N2O2,tertiary,COC(=O)N(C)C(C)C#CCN1CCCC1,1,1
C11H13N,tertiary,C#CCN(C)Cc1ccccc1,1,1
C11H13N3,secondary,C#Cc1cncc(N2CCNCC2)c1,1,1
C7H12N4O2,primary,NCCOCn1ccc(N)nc1=O,1,1
C9H11NO,primary,CC(N)C(=O)c1ccccc1,1,1
C9H14N4O3,tertiary,C[C@@H]([C@H](O)Cn1ccnc1[N+](=O)[O-])N1CC1,0,0
C11H18N2O,tertiary,CC(/C=N/O)CC#CCN1CCCC1,1,1
C7H9NO3,primary,NC(O)c1ccc(O)c(O)c1,1,0
C13H15N,secondary,C#CCNC1CCc2ccccc2C1,1,1
C9H16N2O,tertiary,CCCO/N=C1\CN2CCC1C2,1,1
C7H15NO5,primary,NC[C@H]1O[C@H](CO)[C@@H](O)[C@H](O)[C@@H]1O,1,1
C9H14N4,secondary,CCn1ncc(C2=CCCNC2)n1,1,1
C12H17N3O,tertiary,COc1cncc([C@@H]2CN3CCCC2C3)n1,1,1
C7H15NO2,secondary,C[C@H]1CC[C@@H](O)[C@@H](CO)N1,1,1
C8H17NO5,primary,NCC[C@@H]1O[C@H](CO)[C@@H](O)[C@H](O)[C@H]1O,1,0
C10H19N5,primary,Cn1nnnc1CC1(CN)CCCCC1,1,0
C11H16N4O3,secondary,O=c1[nH]cnc2c(CNCC(CO)CO)c[nH]c12,1,0
C6H15N,tertiary,CCCCN(C)C,1,1
C11H13N3O,secondary,CN[C@H]1Cc2cccc3nc(O)n(c23)C1,1,1
C13H16N2,secondary,C1=C(c2cccnc2)CC2CCCC1N2,1,1
C11H14N2,secondary,CNCCc1cccc2[nH]ccc12,1,1
C13H17NO2,tertiary,CN(C)C1CC2CC1c1cc(O)c(O)cc12,1,1
C13H19NO,primary,NCCC1CCC(Cc2ccccc2)O1,1,1
C13H22N2O3,primary,CCCC12CC3CC(N)(C1)CC(O[N+](=O)[O-])(C3)C2,1,1
C12H20N2O3,tertiary,CC(C)C1CC(=O)N(CN2CCOCC2)C1=O,0,0
C8H17NO4,primary,CC1CC(O)(CN)C(O)C(O)C1O,1,0
C13H21N3O5,primary,CC(C)[C@H](N)C(=O)O[C@@H]1C[C@H]2C(=O)N[C@@H](CO)C(=O)N2C1,1,0
C10H20N2,secondary,C1CCC(N2CCNCC2)CC1,1,1
C12H16N4O,tertiary,CN1CCN(c2nc3cc(N)ccc3o2)CC1,1,0
C8H15N,tertiary,C[C@H]1CCN2CCC[C@@H]12,1,1
C11H14N2O3,primary,COC(=O)c1ccccc1NC(=O)C(C)N,1,0
C10H14N2O,secondary,Oc1ccccc1N1CCNCC1,1,1
C5H11N3O3,primary,NC[C@H](N)C(=O)NCC(=O)O,1,0
C11H21NO4,secondary,OC[C@H]1O[C@H](CNC2CCCC2)[C@@H](O)[C@@H]1O,1,1
C9H19N3O3,primary,CC(C)C[C@@H](NC(=O)[C@H](N)CN)C(=O)O,1,0
C13H19N5O,tertiary,CC[C@H]1CN(Cc2c[nH]c3c(N)ncnc23)C[C@@H]1O,1,1
C13H16N2O4,tertiary,O=C(CN1CCOCC1)Nc1ccc(C(=O)O)cc1,0,0
C9H13N3O5,primary,N[C@@H]1[C@H](O)[C@@H](CO)O[C@H]1n1ccc(=O)[nH]c1=O,1,0
C11H15N3O,tertiary,CN(CCc1c[nH]cn1)Cc1ccco1,1,1
C13H18N2O3,primary,Cc1ccc([C@H]2OC[C@@H](NC(=O)CN)CO2)cc1,1,1
C13H16N2O2,secondary,COc1ccc2c(c1)C[C@@H]1CNCCN1C2=O,1,0
C9H14N2O2,tertiary,COc1c[nH]cc(CN(C)C)c1=O,1,0
C10H19NO6,secondary,OCC1=C[C@H](NC(CO)CO)[C@H](O)[C@@H](O)[C@@H]1O,1,0
C12H17NO2,tertiary,CN1CCCCC1CC(=O)c1ccco1,1,1
C10H14N6O4,primary,Nc1ncnc2c1ncn2[C@@H]1O[C@H](CO)[C@@H](O)[C@@]1(N)O,1,0
C12H17N5O,tertiary,Nc1nc(O)c2c(CN3CCCCC3)c[nH]c2n1,1,1
C13H16N4O,tertiary,CN1CCN(c2nccc(-c3ccco3)n2)CC1,1,1
C13H17N,tertiary,C#CCN(C)[C@@H](C)Cc1ccccc1,1,1
C13H16N2,tertiary,Cc1ccc2[nH]c3c(c2c1)CN(C)CC3,1,1
C8H17N3O,tertiary,CCNC(=O)N1CCN(C)CC1,1,1
C7H12N2O6,primary,N[C@@H](CO)C(=O)N[C@@H](CC(=O)O)C(=O)O,1,0
C11H12N2O,primary,NCCc1cccc2nc(O)ccc12,1,1
C8H12N4,secondary,Cn1ncc(C2=CCCNC2)n1,1,1
C9H19NO3,secondary,CCCC[C@@]1(CO)NC[C@H](O)[C@H]1O,1,1
C9H19NO7,tertiary,OCN(CO)[C@H]1C[C@](O)(CO)[C@@H](O)[C@H](O)[C@H]1O,0,0
C10H16N2O2,tertiary,O=C1NCCC2(CN3CCC2CC3)O1,1,1
C8H12N2,primary,CNc1ccc(CN)cc1,1,1
C6H13NO,primary,NCC(O)C1CCC1,1,1
C8H17NO4,tertiary,CCN1C[C@H](O)[C@@H](O)[C@H](O)[C@H]1CO,1,1
C8H15N,tertiary,CCC1=CCN(C)CC1,1,1
C13H27N3O,secondary,CCCCN(CCC)C(=O)CN1CCNCC1,1,1
C6H13NO4,secondary,OC[C@H]1NC[C@@H](O)[C@@H](O)[C@@H]1O,1,0
C10H17N5,secondary,CCc1cc(N2CC(NC)C2)nc(N)n1,1,0
C11H18N4,secondary,CCCCn1ncc(C2=CCCNC2)n1,1,1
C9H19NO2,primary,CC(C)[C@H](N)C(=O)OC(C)(C)C,1,1
C13H15N7O,secondary,Nc1nonc1-c1nc2cnccc2n1C1CCCNC1,1,0
C11H16N6,secondary,Nc1ncnc2c1cnn2CC1CCNCC1,1,1
C9H17NO3,tertiary,C[C@H]1CC[C@@H]2[C@H](O)[C@H](O)[C@H](CO)N21,1,1
C11H17N3O4,primary,CCc1cn(C2C[C@@H](N)[C@@H](CO)O2)c(=O)[nH]c1=O,1,0
C11H17N3O6,primary,COC(=O)/C=C/C(=O)NC[C@@H](NC(=O)[C@H](C)N)C(=O)O,1,0
C11H15N,primary,CC(N)C/C=C\c1ccccc1,1,1
C12H19NO3,secondary,CC(C)NC[C@H](O)COc1ccc(O)cc1,1,1
C13H21NO,secondary,C1COCC2(N1)C1CC3CC(C1)CC2C3,1,1
C9H13NO2,primary,COc1cccc(C(O)CN)c1,1,1
C10H14N4O3,primary,NC(C(=O)NO)C(=O)NCCc1ccccn1,0,0
C6H14N2O3,primary,NC[C@@H]1N[C@H](CO)[C@@H](O)[C@H]1O,1,1
C10H18N2O,tertiary,C/C(=N\O)C(C)CC#CCN(C)C,1,1
C9H13N3O,tertiary,Cc1nc([C@@H]2CN3CC[C@@H]2C3)no1,1,1
C13H21N,secondary,CNC1CC12C1CC3CC(C1)CC2C3,1,1
C13H15NO3,tertiary,O=C1CCN(Cc2ccc3c(c2)OCO3)CC1,0,0
C10H14N6O,primary,NCC1CN(c2ncnc3[nH]cnc23)CCO1,1,1
C10H21NO,primary,CC(C)(C)C1CCC(O)C(N)C1,1,1
C9H17N3O,primary,CN(CC#N)C(=O)[C@@H](N)C(C)(C)C,1,0
C10H14N2O2,secondary,O=C(CCNCc1ccccc1)NO,1,1
C10H12N4O,primary,NCc1nnc(O)n1Cc1ccccc1,1,0
C11H20N2O3,primary,CC(C)C[C@H](N)C(=O)N1CCC[C@H]1C(=O)O,1,0
C9H9N,primary,NCC#Cc1ccccc1,1,1
C9H15N5O4,secondary,NC(=O)c1[nH]nc(C2N[C@H](CO)[C@H](O)[C@@H]2O)c1N,0,0
C9H12N2O,secondary,c1cncc(OCC2CCN2)c1,1,1
C13H20N2O3,secondary,C[C@@H](NC(C)(C)C)[C@H](O)c1cccc([N+](=O)[O-])c1,1,1
C10H17N3,secondary,c1nc(CCC2CCCNC2)c[nH]1,1,1
C7H14N2O2,tertiary,CN1CCC[C@H]1COC(N)=O,1,1
C12H15N5O4,secondary,O=C1N[C@@H]([C@@H](CO)NCc2c[nH]c3c(O)ncnc23)CO1,1,0
C9H13NO,primary,C[C@H](N)[C@H](O)c1ccccc1,1,1
C10H11N,secondary,c1ccc2c(c1)C1CC[C@H]2N1,1,1
C12H14N2O6,secondary,O=C(O)C[C@@H](NCc1cccc(C(=O)O)c1)C(=O)NO,1,1
C10H13NO2,secondary,CNC1Cc2ccc(O)c(O)c2C1,1,1
C13H18N2O2,tertiary,CC(C#CCN1CCCC1)N1C(=O)CCC1=O,1,0
C13H23N5O3,primary,COC(=O)[C@@H](Cc1cnc[nH]1)NC(=O)[C@@H](N)CCCCN,1,1
C5H11NO3,secondary,OC[C@H]1NC[C@@H](O)[C@H]1O,1,1
C13H21N7O3,primary,CN(CCN)C[C@H]1O[C@@H](n2cnc3c(N)ncnc32)[C@H](O)[C@@H]1O,1,1
C12H15N,tertiary,CN1CC=C(c2ccccc2)CC1,1,1
C13H20N2O,secondary,CNCC(O)CN1CCc2ccccc2C1,1,1
C7H13N3O4,primary,C[C@H](N)C(=O)N[C@@H](CC(N)=O)C(=O)O,1,0
C11H23NO4,secondary,OC[C@@H](O)[C@H](O)[C@H](O)CNC1CCCCC1,1,0
C11H17NO,tertiary,CC([C@H](O)c1ccccc1)N(C)C,1,1
C12H17N3O2,tertiary,O=CN1CCN(CC#CCN2CCCC2)C1=O,1,0
C10H15N3O4,tertiary,CN1CCC2(CC1)OC(=O)N(CC(N)=O)C2=O,1,0
C10H13NO2,secondary,O[C@@H]1[C@@H](O)CN[C@H]1c1ccccc1,1,0
C12H17N3O3,tertiary,O=C(NCCN1CCOCC1)c1cccnc1O,0,0
C13H19N5,tertiary,Cc1ccc2nc(N)nc(NCCN(C)C)c2c1,1,1
C11H15NO2,secondary,CN[C@@H](C)Cc1ccc2c(c1)OCO2,1,1
C13H11N5O4,primary,NCc1ccn(-c2cc3nc(O)c(O)nc3cc2[N+](=O)[O-])c1,1,1
C8H14N2O,tertiary,CO/N=C/C1=CCCN(C)C1,1,1
C8H18N4,secondary,C1CN(N2CCNCC2)CCN1,1,1
C10H16N2O2,tertiary,CC(=O)N(CC#CCN(C)C)C(C)=O,1,0
C8H14N2O7,primary,C[C@@H](O)[C@H](N)C(=O)N[C@@](O)(CC(=O)O)C(=O)O,1,0
C12H26N4O2,primary,CC(C)C[C@H](N)C(=O)N[C@@H](CCCCN)C(N)=O,1,1
C13H17NO,secondary,Oc1cccc2c1CC[C@@H]1NCCC[C@@H]21,1,1
C11H24N8O4,primary,CN(C(=O)[C@@H](N)CCC/N=C(\N)N[N+](=O)[O-])[C@@H](CCN)C(N)=O,1,1
C12H16N2O,secondary,Cc1cccc(C(=O)N2CCNCC2)c1,1,1
C12H17N,secondary,c1ccc(CC2CCNCC2)cc1,1,1
C11H13N,secondary,c1ccc2c(c1)C1CNCC2C1,1,1
C10H15N3O2,tertiary,COc1noc(C2CN3CCC2CC3)n1,1,1
C13H20N2O2,secondary,CCN(C)C(=O)Oc1cccc(CCNC)c1,1,1
C8H12N4,secondary,c1cnc(N2CCNCC2)nc1,1,1
C11H10N2O3,primary,NCc1ccc(Nc2c(O)c(=O)c2=O)cc1,1,1
C9H13NO,primary,COc1cccc(CCN)c1,1,1
C12H19N3O2,tertiary,CCCCOc1nonc1C1=CCCN(C)C1,0,1
C9H13N3O,tertiary,CO/N=C(\C#N)C1=CCCN(C)C1,1,1
C10H11N3,primary,NCc1ccc2c(N)nccc2c1,1,1
C11H19N5,tertiary,CCn1nnc(C2=CCCN(C(C)C)C2)n1,1,0
C13H13N5,secondary,N#Cc1nc2ccccc2nc1N1CCNCC1,1,0
C11H14N4O4,secondary,O=c1[nH]cnc2cc([C@@H]3N[C@H](CO)[C@@H](O)[C@H]3O)[nH]c12,1,0
C12H18N2O,secondary,[2H]C([2H])(NCC)C(=O)Nc1c(C)cccc1C,1,1
C9H12N2,secondary,c1cc2c(cn1)CNCCC2,1,1
C12H13N3O,primary,NCCC(=O)Nc1ccc2ccccc2n1,1,1
C4H8N2O2,primary,NC[C@H]1CC(=O)NO1,1,1
C11H13NO,primary,N[C@H]1C2CCC1c1c(O)cccc12,1,1
C11H19N3O,secondary,CCCCNCC(=O)N1CCC[C@H]1C#N,1,0
C12H17N3O,secondary,COc1ccc2c(n1)N1[C@@H](CNC[C@H]1C)C2,1,1
C6H15N3O2,primary,NCCCC[C@H](N)C(=O)NO,1,1
C11H15N3O,secondary,c1coc(CNCCCc2c[nH]cn2)c1,1,1
C11H18N4O3,tertiary,Cc1ncc([N+](=O)[O-])n1CCCN1CCOCC1,0,0
C6H15N,secondary,CCCCCNC,1,1
C11H19NO,tertiary,C[C@H]1CCC2(CN3CCC2CC3)O1,1,1
C13H16N2O3,primary,COC(=O)C(N)Cc1c[nH]c2ccc(OC)cc12,0,0
C9H10N4O2,primary,NCC(=O)Nc1ccc2[nH]c(=O)[nH]c2c1,1,0
C13H20N2O4,tertiary,Nc1ccc(C(=O)OCCN(CCO)CCO)cc1,1,0
C13H17N3O3,tertiary,CN(C)CC1CC(Cc2ccc([N+](=O)[O-])cc2)=NO1,1,0
C13H19NO2,tertiary,CCCN1CCO[C@H](c2cccc(O)c2)C1,1,0
C12H21N5,primary,NCCN[C@@H]1CNC[C@@H]1Cc1cccc(N)n1,1,1
C11H15NO2,primary,COc1cc2c(cc1OC)CC(N)C2,1,1
C6H14N2O3,primary,NC[C@H]1NC[C@H](O)[C@H](O)[C@H]1O,1,0
C4H8N2O4,primary,N[C@@H](CC(=O)NO)C(=O)O,1,0
C11H21N,tertiary,C1CCC(CN2CCCC2)CC1,1,1
C11H16N2O,tertiary,CN1C[C@@H](CO)C[C@H]1c1cccnc1,1,1
C13H16N2O,secondary,O=C(c1ccccc1)N1CC2CNCC2C1,1,1
C11H19N,primary,NCC12CCC3CC(CC3C1)C2,1,1
C10H15N3O3,secondary,O=C1[C@H]2CNC[C@H]2C(=O)N1N1CCOCC1,1,0
C12H17N,secondary,CC1(C)NC(C)(C)c2ccccc21,1,1
C7H14N2O,primary,CCC[C@@H]1CNC(=O)[C@@H]1N,1,1
C10H18N2O,secondary,CNC(=O)[C@H]1C[C@@H]2CNC[C@@H](C2)C1,1,1
C7H13NO4,secondary,O[C@H]1[C@H](O)[C@H](O)[C@@]2(O)CC[C@@H]1N2,1,0
C13H23N3O,primary,N[C@H](COCC1CCCCC1)Cc1c[nH]cn1,1,1
C11H15NO2,tertiary,OC1(c2ccoc2)CN2CCC1CC2,1,1
C11H12N6,tertiary,CN1CCN(c2nc(C#N)cnc2C#N)CC1,0,0
C12H16N4O3,tertiary,CN(C)CCCNc1nc2ccc([N+](=O)[O-])cc2o1,1,0
C8H10N2O4,primary,NCCc1cc(O)c(O)cc1[N+](=O)[O-],1,1
C11H14N4,secondary,c1c[nH]c2nc(C3CCNCC3)nc-2c1,1,1
C9H11N3O5,primary,N[C@@H](Cn1c2c(c(=O)[nH]c1=O)COC2)C(=O)O,1,0
C13H15N3O,primary,N#C[C@H](Cc1ccccc1)N1CC[C@H](N)C1=O,1,0
C12H19NO2,primary,[3H]C([3H])([3H])C(N)C([3H])([3H])c1cc(OC)c(C)cc1OC,1,1
C4H13N3,primary,NCCNCCN,1,1
C8H11NO,primary,NC[C@@H](O)c1ccccc1,1,1
C10H13NO2,primary,C[C@@H](N)Cc1ccc2c(c1)OCO2,1,1
C9H16N2O,tertiary,CN(C)CCCNc1ccco1,1,1
C9H13N3O,tertiary,Cc1noc([C@H]2CN3CC[C@H]2C3)n1,1,1
C13H23N,primary,CC(C)C12CC3CC(CC(N)(C3)C1)C2,1,1
C11H15N3O5,primary,NCC(=O)NC(CO)C(O)c1ccc([N+](=O)[O-])cc1,1,0
C11H16N4,primary,NCc1cncc(N2CC3CC2CN3)c1,1,1
C9H19N3O,primary,NCCCCC(N)C(=O)N1CCC1,1,1
C8H16N2O,tertiary,C/C=N\OC[C@@H]1CCCN1C,1,1
C9H14N2O2,tertiary,O=C1NC[C@@]2(CN3CCC2CC3)O1,1,0
C13H17N3,tertiary,CC1c2ccccc2CN1CC1=NCCN1,1,1
C10H13N,primary,N[C@@H]1CCCc2ccccc21,1,1
C10H17N5,tertiary,Cc1cc(N2CCN(C)CC2)nc(N)n1,1,1
C13H13N3O2,secondary,O=C(O)C1Cc2[nH]cnc2C(c2ccccc2)N1,0,1
C10H14N2,primary,NC[C@@H]1CNCc2ccccc21,1,1
C12H17NO4,secondary,COc1cccc([C@H]2N[C@H](CO)[C@@H](O)[C@@H]2O)c1,1,0
C11H16N2O2,primary,CN(C)C(=O)Oc1cccc(CCN)c1,1,1
C12H14N2O2,tertiary,O=c1oc2ccccc2n1CN1CCCC1,1,0
C8H11NO,primary,COc1ccc(CN)cc1,1,1
C10H17N5,tertiary,Cc1cc(N2CC(N(C)C)C2)nc(N)n1,1,0
C12H27NO,primary,CCCCCCCCC[C@H](O)[C@@H](C)N,1,1
C12H18N4O,primary,CC(=N)NCc1cccc(CNC(=O)CN)c1,1,1
C12H26N4O6,primary,NCC1OC(OC2C(O)C(N)CC(N)C2O)C(N)C(O)C1O,1,1
C8H16N2O4,secondary,CC(=O)N[C@H]1CN[C@H](CO)[C@@H](O)[C@@H]1O,1,0
C12H16N2O5,tertiary,O=[N+]([O-])c1cccc(CN2C[C@H](O)[C@H](O)[C@H]2CO)c1,0,0
C10H19NO,tertiary,CC1(CO)CCN2CCCCC21,1,1
C13H22N4O4,tertiary,CC(C)N1CC([N+](=O)[O-])=C2N(CC3COCO3)CCN2C1,0,0
C7H15NO,primary,CC(=O)[C@@H](N)CC(C)C,1,0
C8H17N,primary,NC1CCCCCCC1,1,1
C11H21NO6,secondary,CCOC(=O)CC[C@@H]1N[C@@H]([C@H](O)CO)[C@H](O)[C@H]1O,1,0
C6H16N2,primary,CC(C)C[C@H](N)CN,1,1
C11H15N3,secondary,c1cncc(N2C[C@H]3CCNC[C@H]32)c1,1,1
C13H16N2O,secondary,[2H]C([2H])(c1c[nH]c2cccc(O)c12)[C@@H]1CCCN1,1,1
C12H14N4O2,tertiary,N#Cc1ccc(NC(=O)CN2CCOCC2)nc1,0,0
C8H11NO2,secondary,O=C1OC=C2CCCNCC12,1,0
C9H14N4O3,tertiary,O=[N+]([O-])c1nccn1CC(O)CN1CCC1,1,0
C10H15N3O,tertiary,Cc1noc([C@@H]2CN3CCC[C@@H]2C3)n1,1,0
C7H16N2O,secondary,CCC1CC(ON)CCN1,1,1
C9H15N3,primary,CN(C)C(CN)c1cccnc1,1,1
C8H17NO,tertiary,CC(=O)CCCCN(C)C,1,0
C11H16N2O,secondary,Cc1ncccc1OC[C@@H]1CCCN1,1,1
C9H15N3O2,primary,CCCOC(=O)C(N)Cc1c[nH]cn1,0,0
C11H19N3O,tertiary,C=CCN(CC=C)C(CN1CC1)C(N)=O,0,1
C11H12N2O2,tertiary,CN(C)CN1C(=O)C(=O)c2ccccc21,0,0
C11H11N3O4,primary,NC(Cc1c(O)noc1-c1cccnc1)C(=O)O,1,0
C11H16N2O,secondary,CNC(C)C(=O)NCc1ccccc1,1,1
C11H14N2O,tertiary,C#C/C=C/CO/N=C1\CN2CCC1C2,1,1
C12H23NO8,secondary,O[C@@H]1[C@@H](O)[C@H](O)C[C@H](N[C@H]2C[C@H](O)[C@@H](O)[C@H](O)[C@@H]2O)[C@@H]1O,1,0
C12H15N,primary,C/C(=C\c1ccccc1)[C@@H]1C[C@H]1N,1,1
C11H17NO4,primary,NCC(O)c1cccc(OCCCO)c1O,1,0
C10H20N2O,primary,CCCCC(N)C(=O)CNC1CC1,1,0
C6H14N2O3,primary,NC[C@H]1N[C@H](CO)[C@H](O)[C@@H]1O,1,1
C11H21N5O2,tertiary,NC1=NC(CCCO)N(CCCO)C2N=CNC12,1,0
C11H13NO2,primary,NC1CC2CC1c1c2ccc(O)c1O,1,1
C12H17N3,secondary,Cc1cncc(N2CC[C@@H]3CN[C@@H]3C2)c1,1,1
C8H13N3O2,primary,COC(=O)C(N)C(C)c1c[nH]cn1,1,0
C12H14N6,secondary,N#Cc1cnn2c(N)cc(C3CCCNC3)nc12,1,1
C12H25NO4,tertiary,CCCCCCN1C[C@H](O)[C@@H](O)[C@H](O)[C@H]1CO,1,1
C13H21N5,primary,Nc1nc(C2CCCC2)cc(N2CC[C@@H](N)C2)n1,1,1
C13H19N,primary,NC1(Cc2ccccc2)CCCCC1,1,1
C12H15N3O,tertiary,CN1CCN(c2nc3ccccc3o2)CC1,1,1
C10H15N,secondary,CCCNCc1ccccc1,1,1
C9H19NO6,secondary,OCC(O)C[C@H]1N[C@@H](CO)[C@@H](O)[C@H](O)[C@H]1O,1,0
C13H15N5O2,secondary,O=C(O)C1Cc2cc(CCc3nnn[nH]3)ccc2CN1,1,0
C11H12N4O2,primary,NCCNc1ccnc2cc([N+](=O)[O-])ccc12,1,1
C11H12N8,primary,N#Cc1cnc(Nc2cc(NCCN)ncn2)cn1,1,0
C9H16N4O3,secondary,COCc1cn(C[C@H]2NC[C@@H](O)[C@H]2O)nn1,1,0
C9H17NO,tertiary,CN1CCC2CC1C[C@@H](O)C2,1,1
C11H16N2O,secondary,CCc1ccc(OC[C@@H]2CCN2)cn1,1,1
C10H17NO8,primary,NC(CCC(=O)O)C(=O)OC[C@H]1OC(O)[C@H](O)[C@@H]1O,1,0
C6H10N2O,primary,NC(=O)C1=CCC(N)C1,1,1
C11H16N2,tertiary,CN1CC=C(c2cccn2C)CC1,1,1
C12H14N2O,primary,CC(=O)c1ccc2[nH]cc(CCN)c2c1,1,1
C12H17N3,tertiary,Cc1nccnc1C1CN2CCC1CC2,1,1
C13H27NO3,tertiary,CCCCCCCCN1C[C@@H](O)C(O)[C@H](O)C1,1,1
C12H13N3,primary,NCc1cccc(Cc2ncccn2)c1,1,1
C12H18N6,secondary,CCCn1cnc2c(N3CCNCC3)ncnc21,1,1
C11H16N2O,tertiary,Cc1cc(/C=C2/CCCN(C)C2)on1,1,1
C9H14N2O2,primary,C=CCONC(=O)C1=CCC(N)C1,1,1
C7H15N,tertiary,CCN1CCCCC1,1,1
C9H13N5,tertiary,Nc1nncc([C@H]2CN3CC[C@H]2C3)n1,1,1
C7H13N3,primary,NCCCCc1c[nH]cn1,1,1
C4H9NO3,secondary,O[C@@H]1[C@@H](O)CN[C@@H]1O,1,0
C13H17N,primary,N[C@]12CCCC[C@H]1Cc1ccccc12,1,1
C12H17N,primary,Cc1ccc(C)c2c1CCC(N)C2,1,1
C12H19NO2,secondary,CC(C)NCC(O)COc1ccccc1,1,1
C10H15NO2,primary,COc1ccc(CCN)cc1OC,1,1
C13H19N,secondary,Cc1cc(C)cc(C2CCCNC2)c1,1,1
C13H20N2O,secondary,CCCCNC1CCCc2nc(O)ccc21,1,1
C8H16N2,primary,N[C@@]12CCCC[C@H]1CNC2,1,1
C11H20N2O,tertiary,CN1CCCCC1CN1CCCC1=O,1,1
C12H18N2O,tertiary,COCC1CCN(C)[C@@H]1c1cccnc1,1,1
C7H14N2O2,primary,N[C@@H](CO)C(=O)N1CCCC1,1,0
C10H15NO,secondary,CN[C@H](C)[C@H](O)c1ccccc1,1,1
C13H19NO,tertiary,CN1CCC(CO)(c2ccccc2)CC1,1,1
C13H21N5,secondary,CN[C@@H]1CCN(c2cc(C3CCC3)nc(N)n2)C1,1,1
C12H17NO,primary,NCc1ccccc1OC1CCCC1,1,1
C12H15NO3,primary,COc1ccc(OC)c2c1C1C[C@@H](N)C2O1,1,1
C11H13NO3,primary,COC(=O)C(=O)[C@@H](N)Cc1ccccc1,0,0
C11H13N3,secondary,N#Cc1cccc(N2CCNCC2)c1,1,0
C12H13N5O2,secondary,O=C(O)C1Cc2cc(Cc3nnn[nH]3)ccc2CN1,1,0
C12H15NO2,secondary,CNC1CC2CC1c1cc(O)c(O)cc12,1,1
C5H9N3O2,primary,NCC1CNC(=O)C(=O)N1,1,1
C8H13N5,tertiary,c1nnn(C2CN3CCC2CC3)n1,1,1
C9H16N6O2,primary,NCCC(=O)N[C@@H](Cc1c[nH]cn1)C(=O)NN,1,1
C9H12N4O,primary,CC1=CN(C)C2=NC(N)NC(=O)C2=C1,0,0
C12H28N4,secondary,CC(C)(C)C1CNCCNCCNCCN1,1,1
C8H11N3O2,primary,NC[C@H]1CN(n2cccc2)C(=O)O1,1,0
C11H18N4O2,secondary,C[C@@H]1N[C@H](C(=O)NCC#N)C[C@@H]1C(=O)N(C)C,1,0
C13H26N4O2,primary,CC(C)C[C@H](N)C(=O)N1CCC[C@@H](NCC(N)=O)C1,1,0
C9H11NO3,primary,NC1COc2cc(O)c(O)cc2C1,1,1
C12H25NO2,primary,CCCCCCC/C=C/[C@@H](O)[C@@H](N)CO,1,1
C12H22N4O,tertiary,CN(C)CCOc1cc(C(C)(C)C)nc(N)n1,1,1
C9H14N2,tertiary,CCN1CCc2[nH]ccc2C1,1,1
C4H6N2O2,primary,N#CC[C@H](N)C(=O)O,1,0
C8H17NO,primary,NCC1(O)CCCCCC1,1,1
C7H15N3O,secondary,NC(=O)CN[C@@H]1CCCNC1,1,1
C9H15N5O2,secondary,O=C(O)[C@@H]1C[C@H](CCc2nn[nH]n2)CCN1,1,0
C11H18N2O7,primary,CC(=O)N[C@H]1[C@H]([C@H](O)[C@H](O)CO)OC(C(=O)O)=C[C@H]1N,1,0
C12H17N7O4,primary,NCCNC(=O)[C@H]1O[C@@H](n2cnc3c(N)ncnc32)[C@H](O)[C@@H]1O,1,0
C12H17N5O2,tertiary,Cn1c(=O)c2c(ncn2CN2CCCC2)n(C)c1=O,1,0
C11H26N2O2,secondary,CC[C@@H](CO)NCCN[C@@](C)(CC)CO,1,1
C13H20N4O3,tertiary,CC1CCCC2C1N2CC(O)Cn1ccnc1[N+](=O)[O-],0,0
C11H16N2O2,primary,COC[C@@H](N)C(=O)NCc1ccccc1,1,0
C12H17NO3,secondary,COc1ccc(OC)c(C2CNCCO2)c1,1,1
C9H10N2O2,primary,N#Cc1cc(O)c(CCN)cc1O,1,0
C12H12N2O4,primary,N[C@@H](Cc1onc(O)c1-c1ccccc1)C(=O)O,1,0
C6H14N2O2,primary,CC(C)CC(N)C(=O)NO,1,1
C9H18N2O5,primary,NCCNC(=O)[C@]1(O)C[C@@H](O)[C@@H](O)[C@H](O)C1,1,1
C8H17N3O2,primary,NCCC(N)C(=O)N1CCOCC1,1,1
C9H15N3O3,primary,CCCCc1c(C(N)C(=O)O)cnn1O,1,0
C11H13NO,primary,N[C@@H]1CC2CC1c1cc(O)ccc12,1,1
C13H15N3O,tertiary,C#CCOc1cncc(C2CN3CCC2C3)n1,1,1
C10H14N2,secondary,c1cncc([C@H]2CCCCN2)c1,1,1
C9H11NO,primary,N[C@@H]1C[C@@H]1Oc1ccccc1,1,1
C13H20N4,tertiary,CCN(CC)CCn1c(N)nc2ccccc21,1,1
C12H15N,primary,C=C=C(CN)Cc1ccc(C)cc1,1,1
C10H13NO3,primary,NCC1OCCc2c1ccc(O)c2O,1,1
C10H19N3,secondary,CCNCCCCCc1c[nH]cn1,1,1
C5H8N2O4,primary,N[C@H](C(=O)O)[C@@H]1CC(O)=NO1,1,0
C11H14N4,secondary,c1ccc2[nH]c(N3CCNCC3)nc2c1,1,1
C13H17NO,tertiary,CN1CC=C(c2ccccc2CO)CC1,1,1
C10H16N4O3,tertiary,C[C@@H]1[C@H](C)N1CC(O)Cn1ccnc1[N+](=O)[O-],0,0
C9H21N3O,primary,CC(=O)NCCCNCCCCN,1,1
C12H22N2O,primary,CC(C)=CCC/C(C)=C/C(=O)NCCN,1,1
C6H9N3,primary,N[C@H]1C[C@H]1c1c[nH]cn1,1,1
C10H15NO3,secondary,CNCC(O)c1ccc(O)c(OC)c1,1,0
C10H16N4,tertiary,N#CCCN1CCN(CCC#N)CC1,0,0
C11H17N,secondary,C1=CC[C@]23CCC[C@@]2(C1)CNC3,1,1
C11H14N2,tertiary,CN1CC=CC[C@H]1c1cccnc1,1,1
C12H16N2O,tertiary,CN1CC[C@@H]2Nc3ccc(O)cc3[C@@H]2C1,1,0
C12H17NO,secondary,Cc1ccc(CNCC2CC2)c(O)c1,1,1
C10H13N7O4,secondary,COC(=O)c1ncn(CNCn2cnc(C(=O)OC)n2)n1,0,0
C13H19N,primary,CC(N)Cc1ccc2c(c1)CCCC2,1,1
C10H12N2O3,secondary,O=[N+]([O-])c1ccc2c(c1)CNCC(O)C2,1,1
C11H16N6O,secondary,Nc1nc(OCC2CCNCC2)c2nc[nH]c2n1,1,1
C4H5NO4,secondary,O=C(O)[C@H]1N[C@@H]1C(=O)O,0,0
C10H15N7,tertiary,CN1CCN(c2nc(N)nc3[nH]cnc23)CC1,1,1
C13H14N4O3,secondary,O=c1cc(N2CCNCC2)c2cccc([N+](=O)[O-])c2[nH]1,1,1
C7H15NO,primary,NCC(O)C1CCCC1,1,1
C13H21N7O,secondary,Nc1ncnc2c1ncn2CCNCCN1CCOCC1,1,0
C12H10N4O3,secondary,N#CCNCc1cc([N+](=O)[O-])c2cccnc2c1O,0,0
C6H11N3,secondary,CNCCc1cnc[nH]1,1,1
C13H12N4,secondary,N#Cc1ccc(C2NCCc3nc[nH]c32)cc1,1,1
C12H21NO,primary,CC(N)C12CC3CC(C1)C(O)C(C3)C2,1,1
C8H12N2O4,primary,Cc1onc(O)c1CC[C@@H](N)C(=O)O,1,0
C8H14N4O4,secondary,O=[N+]([O-])c1nccn1CC(O)CNCCO,1,0
C11H17NO2,tertiary,CN(C)CCCOc1ccccc1O,1,1
C11H13NO2,secondary,O=C1C[C@H](NCc2ccccc2)CO1,1,0
C13H23N,primary,CCCC1(N)C2CC3CC(C2)CC1C3,1,1
C12H19NO2,primary,COc1cc(CCN)c(OC)c(C)c1C,1,1
C12H17NO4,primary,NCC(O)COCC1COc2ccccc2O1,1,1
C12H18N2O,tertiary,COc1ccccc1N1CCN(C)CC1,1,1
C10H14N6O3,primary,NC[C@H]1O[C@@H](n2cnc3c(N)ncnc32)[C@H](O)[C@@H]1O,1,0
C13H17NO,tertiary,CN(C)C1(C)CCc2ccccc2C1=O,1,0
C11H15N3O4,secondary,O=C(O)C(=O)O.c1cncc(N2CCNCC2)c1,1,1
C9H11N3O3,primary,NCCNC(=O)c1ccc([N+](=O)[O-])cc1,1,0
C6H13NO4,secondary,C[C@@H]1NC(O)[C@@H](O)[C@H](O)[C@@H]1O,1,1
C5H11N3,secondary,NC1=NCCNCC1,1,1
C12H19NO3,primary,CCOc1cc(CCN)cc(OC)c1OC,1,1
C8H13N5,secondary,CCn1nnc(C2=CCCNC2)n1,1,1
C13H19N7O4,primary,NCCC(=O)NC[C@H]1O[C@@H](n2cnc3c(N)ncnc32)[C@H](O)[C@@H]1O,1,0
C10H16N2,primary,CN(C)CC(N)c1ccccc1,1,1
C11H15NO2,tertiary,COc1ccc2c(c1)[C@@H](O)CN(C)C2,1,1
C13H21N,secondary,C1CC2C3CC4CC(C3)CC2(CN1)C4,1,1
C6H11NO2,secondary,COC(=O)C1CCCN1,1,1
C6H8N2O4,primary,NC(Cc1conc1O)C(=O)O,1,0
C12H19N3O3,secondary,Cc1c(C(C)C)c(=O)on1C(=O)N1CCNCC1,1,0
C4H9N3,secondary,N=C(N)[C@H]1CCN1,1,1
C11H16N4O,tertiary,CN(C)CCNc1nc2ccc(N)cc2o1,1,1
C12H17NO,tertiary,Cc1coc(C2CN3CCC2CC3)c1,1,1
C12H17N3O2,tertiary,CN(C)CCC1CNC(=O)c2cccnc2O1,1,0
C12H23N3O,primary,CCCCN(CC#N)C(=O)[C@@H](N)C(C)(C)C,1,1
C7H11N3,primary,C#CCCC1(CCN)N=N1,1,1
C7H15NO2,primary,CCCCC(N)C(=O)OC,1,0
C12H20N2O,tertiary,CC(=O)N(C)[C@@H](C)C#CCN1CCCC1,1,1
C8H14N4O,secondary,Cc1noc(C2CN(C)CCN2)n1,1,0
C10H17NO4,tertiary,COC(=O)C1CN1[C@H](C(=O)OC)C(C)C,0,0
C6H8N2,primary,NCc1ccncc1,1,1
C10H19N3,secondary,CC(C)NCCCCc1c[nH]cn1,1,1
C9H17N3O5,primary,C[C@H](NC(=O)[C@H](C)NOC(=O)[C@@H](C)N)C(=O)O,0,0
C10H19N3O2,primary,CCC[C@H](N)C(=O)N1CCC[C@H]1C(N)=O,1,0
C11H21NO10,primary,NC1C(OC2C(O)C(O)C(O)C(O)C2O)OC(O)C(O)C1O,1,0
C11H14N2O,secondary,CNCCc1c[nH]c2ccc(O)cc12,1,1
C10H16N2O4,primary,CC(C)(C)c1onc(O)c1CC(N)C(=O)O,1,1
C12H30N4,primary,CC(CCN)NCCCCNC(C)CCN,1,1
C11H19N3O,primary,CC(C)(C)[C@H](N)C(=O)N(CC#N)C1CC1,1,0
C10H12N2O4,primary,N[C@@H](CC(=O)Nc1ccc(O)cc1)C(=O)O,1,0
C13H20N2O2,tertiary,CCc1[nH]cc(CN2CCCCC2)c(=O)c1O,1,1
C13H18N2O3,primary,COC(=O)[C@H](C)NC(=O)[C@@H](N)Cc1ccccc1,1,0
C10H11N5O3,secondary,O=[N+]([O-])c1ccc(N2CCNCC2)c2nonc12,1,0
C11H14N2O,secondary,CNCCc1c[nH]c2cccc(O)c12,1,1
C12H20N2O2,secondary,CCCCCCN1C(=O)[C@H]2CNC[C@H]2C1=O,1,0
C12H16N2,tertiary,CN1CCC2CCc3ccncc3C21,1,1
C6H12N2O3,primary,C[C@H](N)C(=O)N[C@@H](C)C(=O)O,1,0
C8H16N2,primary,C=C=CCNCCCCN,1,1
C10H20N2O,tertiary,CC(C/C=C/C(=O)N(C)C)N(C)C,1,1
C10H21N3O4,primary,NCCCC/N=C1\N[C@H](CO)[C@@H](O)[C@H](O)[C@@H]1O,1,0
C7H12N2O3,primary,NCC(=O)N1CCC[C@H]1C(=O)O,1,1
C11H17NO2,tertiary,CC[C@H]1O[C@@]2(CC1=O)CN1CCC2C1,1,1
C12H22N2O,primary,N[C@H](C(=O)N1CCCC1)C1CCCCC1,1,1
C12H14N2,secondary,Cc1ccc2[nH]c3c(c2c1)CCNC3,1,1
C13H21NO2,primary,COc1cc(CC(C)N)c(OC)c(C)c1C,1,1
C12H15N3,secondary,CNCc1ccc(Cn2cccn2)cc1,1,1
C12H15NO3,secondary,O=C(O[C@H]1C[C@H]2CC[C@@H](C1)N2)c1ccco1,1,1
C8H15NO,tertiary,CN1C2CCC1CC(O)C2,1,1
C11H15N3O4,tertiary,CON=C1CCN(Cc2ccc([N+](=O)[O-])o2)CC1,0,0
C12H14N2O3,primary,NCC(=O)N1Cc2ccccc2C[C@H]1C(=O)O,1,1
C8H13N5O3,secondary,O=C(O)[C@H]1C[C@@H](OCc2nn[nH]n2)CCN1,1,0
C10H13N,secondary,CC1NCCc2ccccc21,1,1
C7H13NO3,secondary,O[C@H]1[C@H](O)CNC2(CC2)[C@H]1O,1,0
C11H16N2O3,primary,Cc1cc(O)cc(C)c1C[C@H](N)C(=O)NO,1,0
C11H20N4O,primary,N#C[C@@H]1CCCN1C(=O)[C@@H](N)CCCCN,1,1
C13H17N3O2,tertiary,Cc1cc2c(c([N+](=O)[O-])c1)N[C@H]1CCN(C)C[C@@H]21,1,0
C13H18N4O,secondary,COCC1CNCCN1c1ccc2[nH]ncc2c1,1,1
C13H14N4O,secondary,CNCc1nc(-c2cn(C)c3ccccc23)no1,1,1
C11H12N2O2,primary,NCCc1coc2ccc(C(N)=O)cc12,1,1
C10H15NO2,tertiary,CN(C)CCc1ccc(O)c(O)c1,1,1
C12H14N6,secondary,c1cc2c(ncc3nnn(C4CCNCC4)c32)[nH]1,1,1
C13H15NO3,tertiary,c1cc2c(cc1CN1CC3(COC3)C1)OCO2,0,1
C8H12N2,tertiary,CN(C)Cc1ccncc1,1,1
C12H16N2O4,primary,CC1CCC=C(C[C@H](N)C(=O)O)c2c(O)noc21,1,1
C12H19NO,tertiary,CN1CCC[C@H]1/C=C1\CCCCC1=O,1,1
C12H20N2O,tertiary,CO/N=C/C(C)CC#CCN1CCCC1,1,1
C10H14N2,secondary,CNCC/C=C/c1cccnc1,1,1
C13H22N4O3,tertiary,Cc1ncc([N+](=O)[O-])n1CC(O)CN1CCC(C)CC1,1,0
C10H13NO3,primary,NC[C@@H]1OCCc2c1ccc(O)c2O,1,1
C12H13NO4,tertiary,CN(C)Cc1c(O)c(O)cc2oc(=O)ccc12,1,0
C10H10N2O2,primary,NCCN1C(=O)c2ccccc2C1=O,1,0
C9H13N3O2,primary,Cn1ccc(N2C[C@H](CN)OC2=O)c1,1,1
C12H17N,tertiary,Cc1ccc(C2CCCN2C)cc1,1,1
C12H24N2O,tertiary,CC1OC2(CCN(C)CC2)CC1N(C)C,1,1
C6H8N2O4,primary,N[C@@H](Cc1cc(O)no1)C(=O)O,1,0
C10H17N3O2,secondary,CN(C)CCN1C(=O)[C@H]2CNC[C@H]2C1=O,1,0
C11H14N2O,tertiary,C(=C1\CN2CCC1CC2)\c1ccno1,1,1
C4H9NO3,primary,COC(=O)[C@@H](N)CO,0,0
C10H13N,secondary,CN[C@H]1C[C@@H]1c1ccccc1,1,1
C10H21N3O5,primary,CC1NC(CO)(CNC(=O)CN)C(O)C(O)C1O,1,0
C11H14N2O,secondary,O=C(c1ccccc1)N1CCNCC1,1,1
C10H14N2O,tertiary,CN1CC[C@H]1COc1cccnc1,1,1
C11H12N2,secondary,c1ccc2c3c([nH]c2c1)CNCC3,1,1
C13H16N2O2,tertiary,CN1CC[C@@]2(C)C3=CC(=O)C(=O)C=C3N(C)[C@@H]12,0,1
C5H13N,tertiary,CCN(C)CC,1,1
C12H16N2,secondary,C[C@H]1CNC[C@@H]2Cc3ccccc3N21,1,1
C13H15N3O3,primary,NC(C(=O)O)c1cnn(O)c1CCc1ccccc1,1,0
C11H18N4O,tertiary,CN(C)c1noc(C2CN3CCC2CC3)n1,1,1
C13H16N4O,tertiary,CN1CCN(C(=O)c2nc3ccccc3[nH]2)CC1,0,1
C11H16N2O3,tertiary,CCOC(=O)c1cc([C@H]2CCCN2C)on1,1,0
C12H22N2O2,primary,CC(C)(C)OC[C@H](N)C(=O)N1CC[C@@H]2C[C@@H]21,1,1
C8H11NO,primary,COc1cccc(CN)c1,1,1
C12H21N5O2,primary,CC[C@H](C)[C@H](N)C(=O)N[C@H](Cc1cnc[nH]1)C(N)=O,1,1
C11H28N4,primary,CCNCCCNCCCNCCCN,1,1
C12H16N2,primary,N[C@@H]1[C@H]2CC[C@H](C2)[C@H]1c1cccnc1,1,1
C12H17NO2,secondary,COc1cc2c(cc1OC)C(C)NCC2,1,1
C12H15NO3,primary,COc1ccc(OC)c2c1C1C[C@H](N)C2O1,1,1
C12H17N7O4,secondary,Cc1ncc([N+](=O)[O-])n1CCNCCCn1ccnc1[N+](=O)[O-],1,0
C6H14N2O3,primary,NC[C@H]1N[C@@H](CO)[C@H](O)[C@@H]1O,1,1
C11H18N2O,tertiary,CC(C#CCN(C)C)N1CCCC1=O,1,0
C12H17N5O3,tertiary,Nc1nc(O)c2[nH]cc(CN3CC(O)[C@@H](CO)C3)c2n1,1,0
C12H19N3O,secondary,COc1cncc(N2CCCNCCC2)c1,1,1
C10H13NO2,secondary,CC1NCCc2cc(O)c(O)cc21,1,1
C11H18N2O,tertiary,C/C(CCC#CCN1CCCC1)=N\O,1,1
C12H18N4O4,tertiary,O=c1[nH]cnc2c(CN(CCO)C[C@H](O)CO)c[nH]c12,1,0
C13H23NO,tertiary,CCC12CC3CC(C1)CC(N(C)C)(C3)O2,1,1
C12H25N3O7,primary,NC1CC(N)C(OC2OC(CO)C(O)C(O)C2N)C(O)C1O,1,1
C12H22N2O,tertiary,CCC(C)C(=O)N[C@H]1CCN2CCC[C@H]12,1,1
C7H13NO3,primary,CC1=CC(N)C(O)C(O)C1O,1,0
C11H28N4,secondary,CNCCCNCCCNCCCNC,1,1
C9H12N2O,primary,NC(=O)C(N)Cc1ccccc1,1,1
C13H28N2O3,secondary,CCOCCOCCOCCNC1CCNCC1,1,1
C7H14N2O2,tertiary,CN(C)C[C@H]1CN(C)C(=O)O1,1,0
C12H21NO5,tertiary,CCCC(=O)O[C@H]1CN2CC[C@H](O)[C@@H]2[C@@H](O)[C@@H]1O,1,0
C13H25N3,primary,NCCCCCCCCCCc1c[nH]cn1,1,1
C10H24N2O2,secondary,CC[C@@H](CO)NCCN[C@@H](CC)CO,1,1
C8H13N3,primary,N[C@H]1CCC[C@@H]1c1c[nH]cn1,1,1
C11H16N4O4,secondary,O=c1[nH]cnc2c(CN[C@H](CO)[C@H](O)CO)c[nH]c12,1,0
C11H19N5O2,secondary,O=C(O)[C@@H]1C[C@H](CCCCc2nn[nH]n2)CCN1,1,1
C12H12N2,primary,NCc1ccc(-c2cccnc2)cc1,1,1
C10H13N,primary,N[C@@H]1CCc2ccccc2C1,1,1
C6H13NO4,secondary,O[C@H]1[C@H](O)[C@H](O)CNC[C@H]1O,1,1
C12H19N,tertiary,CC(CCN(C)C)c1ccccc1,1,1
C13H19NO,secondary,COc1cccc(CC2CCCNC2)c1,1,1
C9H13NO,secondary,CNC[C@H](O)c1ccccc1,1,1
C11H15N5O3,secondary,Nc1ncnc2c(C3N[C@H](CO)[C@@H](O)[C@H]3O)c[nH]c12,1,1
C11H21N3,secondary,CCCCCCNCCc1c[nH]cn1,1,1
C9H13NO,primary,NC(CO)Cc1ccccc1,1,1
C13H17NO,secondary,[11CH3]NC1(c2ccccc2)CCCCC1=O,1,0
C11H20N2O,tertiary,CO/N=C(\C)C(C)CC#CCN(C)C,1,1
C11H19N3,secondary,c1nc(CCCC2CCNCC2)c[nH]1,1,1
C12H24N2O7,secondary,COCOCCOCC(=O)NC[C@@H]1N[C@H](CO)[C@H](O)[C@@H]1O,1,0
C10H15NO2,primary,NC(CCO)C(O)c1ccccc1,1,0
C12H15N3,secondary,C1=C(c2ccnnc2)C2CCC(CC1)N2,1,1
C10H12N2O3,primary,NC(N)c1ccc(CC(=O)C(=O)O)cc1,1,1
C8H13N3O,primary,NC[C@H]1CC[C@H](c2c[nH]cn2)O1,1,1
C11H13NO,primary,CC1(N)C(=O)CCc2ccccc21,1,0
C10H16N4O4,primary,COC(=O)[C@H](Cc1cnc[nH]1)NC(=O)[C@@H](N)CO,1,1
C11H14N2O3,secondary,O=[N+]([O-])c1ccc2c(c1)CNC(CCO)C2,1,0
C6H16N2,secondary,CCNCCNCC,1,1
C13H15NO3,tertiary,O=C(CN1CCOCC1)C(=O)c1ccccc1,0,0
C10H16N4O3,primary,Nc1ccn(C2CC(CO)[C@H](O)[C@@H]2N)c(=O)n1,1,1
C9H12N2O,secondary,c1cncc(O[C@@H]2CCNC2)c1,1,1
C9H19N3O3,primary,CCCC[C@H](NC(=O)[C@@H](N)CN)C(=O)O,1,1
C10H17NO2,tertiary,CC1OCC2(CCN(C)CC2)C1=O,1,0
C9H13NO,secondary,CC(=O)C1=CC[C@@H]2CC[C@H]1N2,1,1
C8H19NO,primary,CCCCCCC(O)CN,1,1
C11H16N2,secondary,c1cncc(CNC2CCCC2)c1,1,1
C10H17N,primary,NCC12CC3CC(CC1C3)C2,1,1
C8H16N2,primary,N[C@@]12CCCC[C@@H]1CNC2,1,1
C10H16N6,secondary,CNCCN(C)c1ccc2nnc(C)n2n1,1,0
C11H15N5O3,primary,NC[C@H]1O[C@@H](n2ccc3c(N)ncnc32)[C@H](O)[C@@H]1O,1,0
C11H17NO4,tertiary,O=C(CCN(CCO)CCO)c1ccco1,1,0
C10H12N2O2,secondary,O=[N+]([O-])c1ccc2c(c1)CNCCC2,1,1
C13H15N3O2,secondary,NC(=O)c1cccc2c1C(=O)N(C1CCNC1)C2,1,0
C8H12N2O2,secondary,Cc1cc(OC[C@@H]2CCN2)no1,1,1
C3H8N2O3,primary,NCCCO[N+](=O)[O-],1,1
C12H21NO,tertiary,CN(C)C12CC3CC(CC(C)(C3)O1)C2,1,1
C7H11N5,tertiary,c1nnn([C@H]2CN3CC[C@H]2C3)n1,1,0
C10H22N4,tertiary,CC1CCN(CCCN=C(N)N)CC1,1,1
C8H13NO2,tertiary,COC(=O)C1=CCCN(C)C1,1,0
C10H15NO,secondary,CC(=O)C1=CCCC2CCC1N2,1,1
C12H17N3O3,primary,NC[C@@H](N)C(=O)N[C@H](Cc1ccccc1)C(=O)O,1,0
C13H18N2O,tertiary,O[C@H](c1ccncc1)[C@@H]1CC2CCN1CC2,1,0
C11H17N9O2,tertiary,NNC(=O)c1nnn(-c2nonc2N)c1CN1CCCCC1,0,0
C12H29N3,secondary,CCNCCCCNCCCCNCC,1,1
C12H17NO,primary,Cc1ccc2c(c1)C(N)C(C)(C)CO2,1,1
C13H18N2,tertiary,c1cncc(C2CCC3CCN2CC3)c1,1,1
C11H23N3O,primary,CNCCCCC(N)C(=O)N1CCCC1,1,1
C7H11N3,primary,NC[C@@H]1C[C@@H]1c1c[nH]cn1,1,1
C7H9N3O4,primary,N[C@@H](Cn1ccc(=O)[nH]c1=O)C(=O)O,1,0
C12H17NO2,primary,NCC[C@H]1CCO[C@@H](c2ccccc2)O1,1,1
C12H20N2O,secondary,CC(=O)N1C=C([C@H]2CCCCN2)CCC1,1,1
C12H15NO2,tertiary,CN1CCCC1c1ccc2c(c1)OCO2,1,1
C12H16N2O,primary,COc1ccc2[nH]cc(C[C@@H](C)N)c2c1,1,1
C12H21N,primary,N[C@H]1C[C@@]23CCCC[C@@]2(CCC3)C1,1,1
C13H14N2O2,tertiary,O=C1NC(=O)[C@@H](c2ccccc2)N2CCC[C@@H]12,0,0
C12H12N2O4,primary,NC(Cc1c(O)noc1-c1ccccc1)C(=O)O,1,0
C13H18N2,secondary,C(=C/c1ccccc1)\CN1CCNCC1,1,1
C12H16N2O,secondary,Cc1cc(C2=CCC[C@@H]3CC[C@H]2N3)on1,1,1
C8H15NO4,tertiary,OC[C@@H]1[C@@H](O)[C@H](O)[C@H]2[C@H](O)CCN21,1,0
C4H7N3,primary,NCc1c[nH]cn1,1,1
C11H16N6O2,tertiary,COC(=O)CN(C)CCn1cnc2c(N)ncnc21,0,0
C10H14N6,secondary,Nc1nc(N2CCNCC2)c2cc[nH]c2n1,1,1
C5H12N2O2,primary,NCC1NCC(O)C1O,1,1
C12H17NO,tertiary,CCN1CCc2cccc(O)c2CC1,1,1
C10H19NO2,tertiary,CC1CC(O)C2(CCN(C)CC2)O1,1,1
C10H13NO,secondary,C=C(CNC)c1ccc(O)cc1,1,1
C9H16N2O,secondary,CC(C)C(=O)N1CC2CC(C1)N2,1,1
C10H19NO,tertiary,OC[C@@H]1CCCN2CCCC[C@H]12,1,1
C13H16N2O,secondary,COc1ccc2c3c([nH]c2c1)C(C)NCC3,1,1
C12H20N4O3,tertiary,CC1(C)N(CC(O)Cn2ccnc2[N+](=O)[O-])C1(C)C,0,0
C8H13NO4,tertiary,COC(=O)C1CN1[C@@H](C)C(=O)OC,0,0
C12H18N4O4,tertiary,CN(Cc1c[nH]c2c(=O)[nH]cnc12)[C@H](CO)[C@H](O)CO,1,0
C10H13N,secondary,c1ccc(C2CCNC2)cc1,1,1
C12H17N3O,tertiary,CN(C)CCCOc1[nH]nc2ccccc12,1,1
C11H15NO,primary,N[C@H]1CCCc2ccccc2[C@@H]1O,1,1
C10H18N2O2,tertiary,CC1OC2(CCN(C)CC2)C/C1=N/O,1,1
C10H11NO2,tertiary,CN1C[C@]23C[C@H]1C=CC2=CC(=O)O3,1,0
C9H17NO4,tertiary,OC[C@@]12CCCN1C[C@@H](O)[C@@H](O)[C@@H]2O,1,0
C9H10N2,secondary,C1=C(c2ccccn2)CNC1,1,1
C12H18N2O,tertiary,CC#CCON=C1CC2CCC(C1)N2C,1,1
C12H26N2O2,primary,CC(C)CCNC(=O)[C@@H](O)[C@H](N)CC(C)C,1,1
C12H14N4O,tertiary,CN(CCC#N)Cc1cccc2nc(N)oc12,0,0
C12H17NO,secondary,CNC1CCc2c(cccc2OC)C1,1,1
C9H12N4O2,secondary,O=c1[nH]cnc2c(CNCCO)c[nH]c12,1,0
C11H14N2O4,primary,C[C@H]1O[C@H](c2cccc([N+](=O)[O-])c2)OC[C@H]1N,1,0
C10H15NO,tertiary,CN(C)CCOc1ccccc1,1,1
C13H19N3O3,tertiary,O=C(NCCCN1CCOCC1)c1ccc(O)nc1,0,1
C12H14N2,primary,NCCNc1cccc2ccccc12,1,1
C10H12N4O,primary,CC(N)c1nc2c(C(N)=O)cccc2[nH]1,1,1
C8H17N,primary,NCCC1CCCCC1,1,1
C13H18N2O,tertiary,CN(C)CC1CC(Cc2ccccc2)=NO1,1,0
C12H25NO3,secondary,CCCCCCC[C@@H]1N[C@@H](CO)[C@H](O)[C@H]1O,1,1
C7H15NO5,primary,NC[C@@H]1OC(CO)C(O)C(O)C1O,1,0
C6H13NO3,primary,CC1C(N)C(O)[C@H](O)C1O,1,1
C13H16N2,tertiary,CN1CCC[C@@H](c2cccc(C#N)c2)C1,1,0
C10H14N2O,primary,Cc1ccc(NC(=O)C(C)N)cc1,1,1
C11H17NO,secondary,CCCCNCc1ccc(O)cc1,1,1
C9H16N2O2,tertiary,COC1=NO[C@@H]([C@@H]2CCCN2C)C1,1,0
C13H23N3O2,tertiary,CCC(=O)N/N=C1\CC2(CCN(C)CC2)OC1C,1,1
C11H15NO,primary,CC(N)Cc1ccc2c(c1)OCC2,1,1
C10H10N4O2,primary,NCc1cn(-c2ccc(C(=O)O)cc2)nn1,1,0
C10H13N3,secondary,c1cncc(N2C[C@@H]3CNC[C@@H]32)c1,1,1
C10H13N3O,tertiary,CO/N=C(/C#N)C1=CC2CCN(C1)C2,0,0
C9H15NO2,tertiary,C1OC[C@]2(CN3CCC2CC3)O1,1,0
C10H13NO,primary,N[C@H]1CCc2ccccc2[C@@H]1O,1,1
C12H23NO,tertiary,CN(C1CCCCC1)C1CCOCC1,1,1
C11H15N5,primary,N[C@@H]1CCCN(c2ncnc3[nH]ccc23)C1,1,1
C11H13N3O,secondary,O=C1Nc2ccccc2N2CCNC[C@@H]12,1,1
C13H17N5O2,tertiary,CC1CCCN(Cn2nc(-c3cnccn3)oc2=O)C1,0,0
C12H16N2O2,secondary,O=C(O[C@H]1C[C@H]2CC[C@@H](C1)N2)c1ccc[nH]1,1,1
C8H10N2O3,primary,N[C@H](C(=O)NO)c1ccc(O)cc1,1,0
C13H21N3,primary,CN1CCCN(c2ccccc2CN)CC1,1,1
C10H15N3O,tertiary,Cc1noc(C2=CCC(C)N(C)C2)n1,1,0
C13H19N,secondary,CCCCC1NCCc2ccccc21,1,1
C12H14N2O,secondary,c1cncc(CNCCc2ccco2)c1,1,1
C13H16N4O8,secondary,O=C(NC[C@@H]1N[C@H](CO)[C@H](O)[C@@H]1O)c1cc([N+](=O)[O-])cc([N+](=O)[O-])c1,1,0
C11H18N6O3,primary,NC(=O)CC[C@H](N)C(=O)N[C@H](Cc1cnc[nH]1)C(N)=O,1,1
C10H16N2O,tertiary,CN(C)CC#CCN1CCCC1=O,1,1
C8H11N3O,secondary,Cc1noc(C2=CCCNC2)n1,1,0
C9H11NO,primary,N[C@H]1C[C@@H]1Oc1ccccc1,1,1
C12H30N4,tertiary,CN(C)CCN(C)CCN(C)CCN(C)C,1,1
C9H15NO2,tertiary,C[C@@H]1OCC2(CN3CCC2C3)O1,1,1
C11H19N,tertiary,CN(C)C12CC3CC(CC1C3)C2,1,1
C10H13NO,secondary,OCC1CNCc2ccccc21,1,1
C8H13N5,secondary,CC1C=C(c2nnn(C)n2)CNC1,1,1
C6H13NO3,secondary,OC[C@@H]1CNC[C@@H](O)[C@@H]1O,1,1
C12H18N2O2,tertiary,COc1cccc(C(=O)NCCN(C)C)c1,1,1
C12H16N2O3,tertiary,CN1CCC[C@H]1COc1cccc([N+](=O)[O-])c1,1,1
C12H18N2O,primary,CC(C)[C@@H](N)C(=O)NCc1ccccc1,1,1
C11H15NO2,secondary,COc1cc2c(cc1OC)CNCC2,1,1
C13H19N7O2,tertiary,CC(C)Oc1nncc(-c2cnnc(OCCN(C)C)n2)n1,1,0
C11H16N2,tertiary,CC1CCN(C)[C@@H]1c1cccnc1,1,1
C12H16N2,tertiary,CN1c2ccccc2CN2CCCC21,1,1
C9H16N2O5,tertiary,O=C1CN(C2O[C@H](CO)[C@@H](O)[C@H]2O)CCN1,0,0
C8H16N2O3,primary,CC(C)C[C@H](NC(=O)CN)C(=O)O,1,0
C10H15N3,primary,CC(=N)Nc1cccc(CCN)c1,1,1
C13H23N,primary,CC12CC3(C)CC(C)(C1)CC(N)(C2)C3,1,1
C10H15NO,tertiary,Cc1ccc(C2CCCN2C)o1,1,1
C6H13N3O2,tertiary,CN(C)CCNC(=O)/C=N/O,1,1
C8H16N2O,tertiary,CC=NOC[C@@H]1CCCN1C,1,1
C13H19NO,tertiary,CCN(CC)C1CC1c1cccc(O)c1,1,1
C12H18N2,tertiary,C[C@H]1CCCN1CCc1cccnc1,1,1
C9H14N4O,tertiary,Nc1noc(C2CN3CCC2CC3)n1,1,1
C12H14N2O,secondary,O=C1NCCN[C@]12C[C@@H]2c1ccccc1,0,0
C10H12N2O2,secondary,O=C(NO)C1Cc2ccccc2CN1,1,0
C9H15NO,secondary,CO[C@H]1CC=C2CCN[C@H]2C1,1,1
C11H19NO,tertiary,C[C@@H]1CC2(CO1)CN1CCC2CC1,1,1
C13H17N,secondary,c1ccc2c(c1)CCNC2C1CCC1,1,1
C11H17NO2,tertiary,COc1ccc(O)c(CCN(C)C)c1,1,1
C9H13N7,primary,NC/C=C\Cn1cnc2c(N)nc(N)nc21,1,1
C11H18N2O,secondary,C[C@@H]1C[C@@H]1C(=O)N1CC2CNCC2C1,1,1
C12H19N3O,tertiary,CN1CCN(CC#CCN2CCCC2)C1=O,1,0
C11H18N2O,tertiary,CCC#CCON=C1CCN(C)CC1,1,1
C11H16N4O2,secondary,O=c1[nH]cnc2c(CNCCCCO)c[nH]c12,1,1
C10H16N2O,secondary,CN(C)C(=O)C1=CCC2CCC1N2,1,1
C12H15N,primary,N[C@@H]1C2CCC1c1ccccc1C2,1,1
C9H10N2O,primary,N[C@H]1Cc2ccccc2NC1=O,1,1
C9H21NO2,tertiary,CCCN(CCC)CC(O)CO,1,1
C10H16N2O5,primary,C[C@H](N)C(=O)N1CCC[C@H]1C(=O)OCC(=O)O,1,1
C12H18N2O2,tertiary,Cc1cc(=O)c(O)cn1C1CCN(C)CC1,1,0
C12H15N3O,tertiary,CN(C)[C@@H]1Cc2cccc3nc(O)n(c23)C1,1,1
C13H20N2O4,secondary,Cc1oc(C2NCC(O)C2O)cc1C(=O)NC(C)C,1,0
C8H15NO4,tertiary,OC[C@@H]1[C@@H](O)[C@H](O)[C@H]2[C@@H](O)CCN21,1,1
C12H14N4,secondary,Cc1ncc(N2C[C@@H]3CNC[C@@H]32)cc1C#N,1,1
C13H15N5,tertiary,CN1CCN(c2[nH]c3cccnc3c2C#N)CC1,1,0
C13H15N,tertiary,CN1CCC2=C(Cc3ccccc32)C1,1,1
C13H19NO,tertiary,OCC1CCCN(Cc2ccccc2)C1,1,1
C4H8N2O2,secondary,O=C1CCNCN1O,0,0
C13H20N2O,tertiary,CC1CCC(=O)N1CC#CCN1CCCC1,1,1
C11H17NO,primary,CCOc1ccc(CC(C)N)cc1,1,1
C11H20N2O,primary,CCCCCNC(=O)C1=CCC(N)C1,1,1
C13H16N2O,tertiary,CN1CC2ON=C(Cc3ccccc3)C2C1,1,0
C12H24N4,tertiary,CC(C)CN1CCN(C)C(C2=NCCN2)C1,1,1
C11H14N6O,tertiary,CN1CCN(c2nc(C(N)=O)cnc2C#N)CC1,0,0
C6H8N2O4,primary,Cc1onc(O)c1[C@@H](N)C(=O)O,1,0
C10H14N4O2,tertiary,NC(=O)c1noc(C2CN3CCC2CC3)n1,1,0
C8H15N3,primary,NCCCCCc1c[nH]cn1,1,1
C12H15N3O,primary,N#Cc1ccc(O[C@H]2C[C@H](N)C[C@@H]2N)cc1,1,1
C8H17NO2,tertiary,CC(=O)OCCCCN(C)C,1,0
C13H17N,tertiary,CN1CC[C@H]2C[C@H]1Cc1ccccc12,1,1
C12H21N7,secondary,CC(C)NCCNCCn1cnc2c(N)ncnc21,1,1
C6H12N6O,primary,CC(NC(=O)[C@@H](C)N)c1nn[nH]n1,1,0
C7H14N2O2,primary,NC(CO)C(=O)N1CCCC1,1,0
C13H17NO3,tertiary,CN1CCC[C@H]1[C@@H]1COc2c(O)cccc2O1,1,1
C13H19N3O2,secondary,CC(C)NCC(O)COc1ccc2[nH]cnc2c1,1,1
C12H16N2O,tertiary,CN1[C@H](COc2cccnc2)C[C@H]2C[C@H]21,1,1
C12H17N3O2,secondary,C=CCn1ccc(N2C[C@H](CNC)OC2=O)c1,1,0
C7H10N4O2,primary,Cn1ncc2c1N(O)C(=O)[C@@H](N)C2,1,0
C13H17N7,tertiary,CN(C)CCNc1ccn2ncc(-c3cn[nH]c3)c2n1,1,1
C7H13N3O,primary,COC[C@@H](N)Cc1c[nH]cn1,1,1
C13H18N4,secondary,CCn1c(N2CCNCC2)nc2ccccc21,1,1
C9H17N3O2,primary,CC1NC(=O)C(CCCCN)NC1=O,1,0
C11H21N,secondary,CN[C@@]1(C)[C@@H]2CC[C@@H](C2)C1(C)C,1,1
C10H15NO,secondary,CN[C@@H](C)[C@H](O)c1ccccc1,1,1
C13H16N2O5,tertiary,O=C(CCN1CCCC1)c1ccc(O)c(O)c1[N+](=O)[O-],1,0
C11H17NO2,primary,COc1ccc(CC(C)N)c(OC)c1,1,1
C12H13N3O,primary,NCCc1cn(C(=O)c2ccccc2)cn1,1,1
C10H22N8,primary,NCCCCN(CCCN)c1nc(N)nc(N)n1,1,1
C12H14N2O6,secondary,O=C(O)C[C@H](NCc1cccc(C(=O)O)c1)C(=O)NO,1,1
C13H18N2O,tertiary,COc1cccc2c(CCN(C)C)c[nH]c12,1,1
C11H12N2O2,secondary,O=C1c2c(O)cccc2C2CNCCN12,1,0
C5H12N2O,primary,NOC[C@H]1C[C@@H](N)C1,1,1
C11H21N,secondary,CN[C@@H]1C2(C)CCC(C2)C1(C)C,1,1
C13H15NO,tertiary,C#CCN(C)[C@@H]1CCc2ccc(O)cc21,1,1
C13H20N2O2,tertiary,COc1ccc2c(c1)N(CCN(C)C)CCO2,1,1
C11H21N3O,secondary,O=C(CN1CCNCC1)N1CCCCC1,1,1
C9H12N2O,primary,NC(=O)[C@@H](N)Cc1ccccc1,1,0
C7H15NO4,secondary,OCC[C@H]1N[C@H](CO)[C@@H](O)[C@@H]1O,1,0
C13H20N4O,tertiary,CCNC(=O)c1cccnc1N1CCN(C)CC1,1,1
C13H23N5,tertiary,CCCCNc1nccc(N2CCN(C)CC2)n1,1,1
C13H16N2O,tertiary,O=C1c2ccccc2CN2CCCN1CC2,1,1
C10H20N2O4,primary,CC(C)C[C@H](NC(=O)[C@@H](N)[C@@H](C)O)C(=O)O,1,1
C9H10N2,primary,NCc1ccc2[nH]ccc2c1,1,1
C12H15N5O3,secondary,COC(=O)c1cnn2c(O)nc(C3CCNCC3)nc12,1,1
C13H16N2O,primary,C#Cc1cccc(NC(=O)[C@@H](N)C(C)C)c1,1,1
C13H19NO2,secondary,COc1ccc(C2CCCNC2)cc1OC,1,1
C9H17NO3,tertiary,OC[C@@H]1[C@H](O)[C@@H](O)[C@@H]2CCCCN12,1,1
C12H14N2O2,secondary,O=[N+]([O-])c1ccc2c(c1)C1CNCC(C2)C1,1,1
C12H25NO3,secondary,CCCCCC[C@H]1N[C@@H](C)[C@@H](O)[C@@H](O)[C@@H]1O,1,1
C12H17N3O2,primary,CC(=O)NC(CN)C(=O)NCc1ccccc1,1,0
C11H13N3O,secondary,c1cc2occc2c(N2CCNCC2)n1,1,1
C10H15N3O,tertiary,CO/N=C(\C#N)C12CCCN(CC1)C2,1,1
C10H21NO5,secondary,COC[C@H](C)NC[C@H]1O[C@H](CO)[C@@H](O)[C@@H]1O,1,0
C6H13NO5,secondary,OCC1NC(O)C(O)C(O)C1O,1,0
C10H13NO2,tertiary,C#CCOC(=O)C1=CCCN(C)C1,1,0
C12H15NO,primary,C=C=C(CN)Cc1ccc(OC)cc1,1,1
C11H13N3,secondary,N#Cc1ccccc1N1CCNCC1,1,1
C8H19N3O,primary,NCCCCCCNCC(N)=O,1,1
C10H16N2O4,primary,CCCCc1c(O)noc1C[C@@H](N)C(=O)O,1,1
C11H15NO,tertiary,CN(C)C1CC1c1ccccc1O,1,1
C2H6N2O2,primary,NCC(=O)NO,1,1
C9H17NO4,tertiary,C[C@@H]1C[C@@H](O)[C@@H]2[C@H](O)[C@H](O)[C@@H](CO)N21,1,1
C11H20N2O2,secondary,COC(=O)N1CCC2(CCNCC2)CC1,1,1
C11H14N2O2,secondary,CNCCOc1cccc2c1CC(=O)N2,1,1
C5H10N2O4,primary,NCC(=O)N[C@@H](CO)C(=O)O,1,0
C12H17NO,tertiary,CN(C)C1CCc2cccc(O)c2C1,1,1
C11H16N2,tertiary,C[C@H]1CC[C@@H](c2cccnc2)N1C,1,1
C9H9N3O,primary,NCc1n[nH]c(=O)c2ccccc12,1,0
C9H13NO3,secondary,CNC[C@H](O)c1ccc(O)c(O)c1,1,1
C11H13NO2,primary,NC1CC2CC1c1cc(O)c(O)cc12,1,1
C9H13N7,secondary,Nc1ncnc2[nH]c(N3CCNCC3)nc12,1,1
C12H17NO4,secondary,COc1ccc([C@]2(CO)NC[C@@H](O)[C@@H]2O)cc1,1,0
C11H15NO3,secondary,OC[C@H]1N[C@@H](c2ccccc2)[C@H](O)[C@@H]1O,1,0
C8H13N5O,secondary,CC1CN(C)C2=NC(N)=NC(=O)C2N1,0,1
C12H22N4O,primary,N#CC1CCCCN1C(=O)C(N)CCCCN,1,1
C12H18N2O,tertiary,Cc1cncc(OC[C@@H]2CCCN2C)c1,1,1
C12H18N2O,primary,C[C@@H](N)c1cccc(N2CCOCC2)c1,1,1
C10H12N2O4,primary,N[C@H]1CO[C@@H](c2cccc([N+](=O)[O-])c2)OC1,1,1
C13H14N2O,secondary,Oc1ccc2[nH]cc(C3=CCNCC3)c2c1,1,1
C12H17N3,tertiary,CCc1nccnc1[C@@H]1CN2CCC1C2,1,1
C8H17NO5,primary,NCCC1OC(CO)C(O)C(O)C1O,1,1
C9H12N4,primary,NCCc1c[nH]c(-c2ccc[nH]2)n1,1,1
C4H8N2O2,primary,NC[C@@H]1CC(=O)NO1,1,1
C9H15NO2,tertiary,COC(=O)C1CN2CCC1CC2,1,1
C12H21N,primary,N[C@@H]1C[C@@]23CCCC[C@@]2(CCC3)C1,1,1
C9H16N2O,secondary,CC(=O)N1CC2CNCC(C2)C1,1,1
C12H16N2O,primary,COc1ccc2c(C[C@@H](C)N)c[nH]c2c1,1,1
C11H16N6O,tertiary,Nc1ncnc2c1ncn2CCN1CCOCC1,0,0
C12H22N2O,tertiary,CC(C)C(=O)N[C@H]1CCN2CCCC[C@@H]12,1,1
C10H14N6O3,primary,Nc1ncnc2c1ncn2[C@@H]1O[C@H](CO)[C@@H](O)[C@H]1N,1,0
C13H16N2O,secondary,C[C@@H]1c2ccccc2C(=O)N2CCNC[C@@H]12,1,1
C7H13NO,secondary,O[C@@H]1C[C@H]2CC[C@@H]1NC2,1,1
C4H8N2O,primary,N[C@H]1CCNC1=O,1,1
C13H28N4O2,primary,NCC(=O)CNCCCCCCCNCC(=O)CN,1,1
C8H16N2,secondary,C#CCNCCCCNC,1,1
C12H19NO2,primary,COc1cc(C[C@H](C)N)c(OC)cc1C,1,1
C13H17N3O,tertiary,Cc1cnc2c(ccc(=O)n2CCN(C)C)c1,1,1
C10H17N,primary,CC12CC3CC1(C)CC3(N)C2,1,1
C10H14N6O3,primary,Nc1ncnc2c1ncn2[C@@H]1O[C@H](CO)[C@H](O)[C@@H]1N,1,0
C10H21N3O,primary,NCCCC[C@H](N)C(=O)N1CCCC1,1,1
C12H22N6O8,primary,CC(O)[C@H](NC(=O)N[C@@H](CC(N)=O)C(=O)NNC(=O)[C@@H](N)CO)C(=O)O,1,0
C12H19NO2,primary,CCc1cc(OC)c(CCN)cc1OC,1,1
C9H10N2O2,primary,N[C@H]1Cc2ccccc2N(O)C1=O,1,0
C11H14N2O4,tertiary,O=C(O)CN(CC(=O)NO)Cc1ccccc1,0,0
C12H25NO2,primary,CCCCCCC/C=C/[C@H](O)[C@@H](N)CO,1,1
C9H16N2O,tertiary,CC1=NO[C@@H]([C@@H]2CCCN2C)C1,1,0
C13H16N2,tertiary,CN1CCC(C#N)(c2ccccc2)CC1,1,0
C12H21N5O2,primary,CC[C@H](C)[C@H](N)C(=O)N[C@@H](Cc1cnc[nH]1)C(N)=O,1,1
C13H21NO,tertiary,CCN(CC)CCOc1ccc(C)cc1,1,1
C13H22N2O,tertiary,CC(=O)N1C=C([C@@H]2CCCCN2C)CCC1,1,1
C8H17NO2,primary,CC[C@H](N)C(=O)OC(C)(C)C,1,1
C8H11N,primary,CC(N)c1ccccc1,1,1
C13H17N,secondary,CCN[C@H]1CC2C[C@@H]1c1ccccc12,1,1
C7H13NO,primary,C=C1C[C@@H](CO)[C@@H](N)C1,1,1
C8H11N,primary,Cc1cccc(CN)c1,1,1
C13H21N3,primary,NCCCN1CCC(c2ccccn2)CC1,1,1
C13H19NO2,tertiary,CCCN1CCOC(c2ccccc2O)C1,0,0
C8H14N2O3,secondary,CC(C)CNC(=O)[C@H]1N[C@H]1C(=O)O,0,0
C11H15N3,secondary,Cc1cncc(N2C[C@@H]3CN[C@@H]3C2)c1,1,1
C12H21N3O,primary,CC(C)(C)[C@H](N)C(=O)N(CC#N)C1CCC1,1,0
C10H15NO,tertiary,CN(C)CCc1ccc(O)cc1,1,1
C10H25N3,secondary,CCNCCCNCCCNCC,1,1
C8H12N2O,secondary,Cc1cc([C@H]2CCCN2)on1,1,1
C7H13N3,primary,C[C@H](c1c[nH]cn1)[C@@H](C)N,1,1
C11H23NO4,tertiary,CCCCCN1C[C@H](O)[C@@H](O)[C@H](O)[C@H]1CO,1,1
C11H14N2O4,secondary,C[C@H](NCc1cccc(C(=O)O)c1)C(=O)NO,1,0
C12H15N,secondary,CN[C@H]1CC2C[C@@H]1c1ccccc12,1,1
C13H16N2O,secondary,Cc1cccc2c1C(=O)N1CCNC[C@H]1C2,1,1
C7H16N2,secondary,CN(C)C1CCNCC1,1,1
C7H15NO3,primary,C[C@@H]1C[C@H](N)[C@@H](O)[C@H](O)[C@@H]1O,1,0
C9H13NO2,primary,COc1ccc(O)c(CCN)c1,1,1
C11H21N3,primary,CC(C)=CCC/C(C)=C/C=N/C(N)N,0,1
C13H16N2O4,tertiary,CN1CCC(OC(=O)c2ccc([N+](=O)[O-])cc2)CC1,1,1
C8H23N5,primary,NCCNCCNCCNCCN,1,1
C12H19N3O,secondary,CCCCc1noc(C2=CC(C)CNC2)n1,1,1
C12H17NO,tertiary,CN(C)C1CCc2ccc(O)cc2C1,1,1
C13H18N4O3,tertiary,Cn1nnc2cc(CN3C[C@H](O)[C@H](O)[C@H]3CO)ccc21,1,0
C11H14N2,primary,C[C@H](N)Cc1c[nH]c2ccccc12,1,1
C4H6N2O2,primary,NCc1cc(O)no1,0,0
C12H20N2O,tertiary,CC(=O)N(C)[C@H](C)C#CCN1CCCC1,1,1
C10H13NO5,secondary,O=C1OC2CC3(C(=O)O)CC1NC(C3)C2O,0,0
C9H14N2O2,tertiary,CN1CCC=C(C2=NOC(O)C2)C1,1,0
C12H20N2O2,tertiary,CCc1[nH]cc(CN(CC)CC)c(=O)c1O,1,1
C13H19N3O,tertiary,CCN1CCN(C(=O)Nc2ccccc2)CC1,1,1
C11H14N2O4,primary,C[C@@H]1O[C@@H](c2ccc([N+](=O)[O-])cc2)OC[C@H]1N,1,1
C13H20N2O,primary,CC(C)[C@H](N)C(=O)NCCc1ccccc1,1,1
C10H21NO4,tertiary,CCCCN1CC(O)C(O)C(O)C1CO,1,0
C8H15NO2,secondary,CC1OCC2(CCCNC2)O1,1,1
C5H13NO2,primary,CC[C@@H](O)[C@@H](N)CO,1,1
C8H12N2O2,secondary,Cc1cc(OC[C@@H]2CCN2)on1,1,1
C9H18N2O,primary,CCC(N)C(=O)N1CCCCC1,1,1
C7H13NO4,primary,N[C@H]1C=C(CO)[C@@H](O)[C@H](O)[C@H]1O,1,0
C13H21N3O3,secondary,CC(C)(C)NCC(O)c1ccc(O)c(C(=O)NN)c1,1,1
C13H19N,primary,Cc1ccc(C2(N)CCCCC2)cc1,1,1
C12H15N5,tertiary,c1cc(-n2cnc(CN3CCCC3)c2)ncn1,1,1
C10H13N3,secondary,c1cncc(N2C[C@H]3CNC[C@H]32)c1,1,1
C12H15NO,primary,COc1ccc2c(c1)C1CC2CC1N,1,1
C12H17NO3,primary,CCOc1cc2c(cc1CC(C)N)OCO2,1,1
C10H11N3,primary,NCc1ccc2ccnc(N)c2c1,1,1
C8H11NO,primary,NCC(O)c1ccccc1,1,1
C8H13NO,tertiary,C#CCN1CCC(O)CC1,1,1
C10H14N2,tertiary,c1cncc(CN2CCCC2)c1,1,1
C8H11N3O,primary,NC[C@H]1C=C[C@H](c2c[nH]cn2)O1,1,1
C11H17N3O6,primary,COC(=O)/C=C/C(=O)NC[C@@H](N)C(=O)N[C@@H](C)C(=O)O,1,0
C11H15NO3,primary,COC(=O)C(C)(N)Cc1ccc(O)cc1,1,0
C12H18N2O4,tertiary,COc1ccc(CN2C[C@H](O)[C@H](O)[C@H]2CO)cn1,0,0
C8H13N7,primary,NCC(N)Cn1cnc2c(N)ncnc21,1,1
C6H11N3,primary,NCCCc1c[nH]cn1,1,1
C10H15N3O2,tertiary,CN(CCO)CCC(=O)c1cnccn1,1,0
C5H11NO2,secondary,OC[C@@H]1NCC[C@@H]1O,1,1
C11H24N2O,primary,CCCCCNC(=O)[C@@H](N)CCCC,1,1
C13H16N4O6,tertiary,O=C1OC(CN2CCOCC2)CN1/N=C/c1ccc([N+](=O)[O-])o1,0,0
C11H18N2O,tertiary,CC1CCN(CC#CCN(C)C)C1=O,1,1
C6H13NO3,secondary,C[C@@]1(O)CN[C@H](CO)[C@@H]1O,1,1
C11H14N2,secondary,c1cncc([C@H]2C[C@@H]3CC[C@H]2N3)c1,1,1
C13H18N2,tertiary,Cc1[nH]c2ccccc2c1CCN(C)C,1,1
C11H19N3,primary,NCCc1c[nH]c(C2CCCCC2)n1,1,1
C13H19NO2,primary,CC[C@]1(c2ccccc2)COC[C@H](CN)O1,1,1
C13H15NO2,primary,NCC(O)COc1cccc2ccccc12,1,1
C10H21N3O2,secondary,CNC(=O)[C@H](CCCCNC(C)=O)NC,1,1
C11H15N3O3,tertiary,CN1CCC[C@H]1COc1cncc([N+](=O)[O-])c1,1,1
C12H17NO5,secondary,CCOC(=O)c1cc(C2NCC(O)C2O)oc1C,1,0
C6H13NO4,secondary,OC[C@H]1NC(O)C[C@@H](O)[C@@H]1O,1,1
C13H19NO3,tertiary,C[C@@H]1C(=O)O[C@@]23CCCN4CCC[C@H](O2)[C@H]4[C@@H]13,1,0
C12H12N2O5,primary,N[C@@H](Cc1onc(O)c1-c1ccccc1O)C(=O)O,1,0
C13H16N2O,secondary,Cc1ccc2c(c1)C[C@@H]1CNCCN1C2=O,1,1
C12H16N4O,primary,NCCCNCc1nc(-c2ccccc2)no1,1,0
C12H13N3O3,tertiary,CN1CC2ON=C(c3ccc([N+](=O)[O-])cc3)C2C1,1,1
C10H22N2O,primary,CC(=O)CCCCCNCCCN,1,1
C11H15N3O,tertiary,Cc1nc2c(CN(C)C)c(O)ccc2[nH]1,1,0
C11H23N,primary,C[C@H](N)CC1CCCCCCC1,1,1
C12H19N5,secondary,N=C(NCCN1CCNCC1)c1ccccn1,1,1
C6H11N3O2,secondary,C[C@@H]1N[C@@H](C)C(=O)NNC1=O,0,0
C10H19N3O2,primary,CC(C)[C@H](N)C(=O)N1CCC[C@H]1C(N)=O,1,1
C13H13N3O,secondary,N#Cc1ccc2c(c1)C[C@@H]1CNCCN1C2=O,1,0
C10H17N,primary,NC1C2CC3CC(C2)CC1C3,1,1
C12H22N2O,tertiary,CN1CCCCC1CN1CCCCC1=O,1,1
C13H19N3O2,secondary,CC(C)NCC(O)COc1cccc2[nH]cnc12,1,1
C13H17N,secondary,c1ccc2c(c1)CC[C@H]1NCCC[C@H]21,1,1
C9H14N2O,tertiary,CN(C)CCOc1cccnc1,1,1
C13H15NO,tertiary,CN1CCCC1c1coc2ccccc12,1,1
C8H22N4,primary,NCCCNCCNCCCN,1,1
C13H23N7O2,primary,N/C(=N\CCC[C@H](N)CNCc1cccc(N)c1)N[N+](=O)[O-],1,0
C13H11N3O,primary,NCc1nc(-c2ccco2)c2ccccc2n1,1,1
C12H15N7O,primary,NCCCCn1c(-c2nonc2N)nc2cnccc21,1,0
C10H17NO,tertiary,CCCC(=O)C1=CCN(C)CC1,1,1
C13H22N2O3,secondary,C=CC(CCC(=O)OC)NC(=O)C1CCCNC1,1,1
C10H18N2O,tertiary,CC(=O)N1C[C@@H]2C[C@@H](CN(C)C2)C1,1,1
C12H22N6O2,primary,CC(C)C[C@H](N)C(=O)N[C@@H](Cc1c[nH]cn1)C(=O)NN,1,1
C12H16N2O4,primary,N[C@@H](CO)C(=O)N[C@@H](Cc1ccccc1)C(=O)O,1,0
C12H14N2,secondary,c1ccc2c3c([nH]c2c1)CCNCC3,1,1
C6H14N2O3,primary,NC[C@@H]1N[C@@H](CO)[C@H](O)[C@H]1O,1,0
C12H22N4O5,tertiary,OCc1cn(CCCN2C[C@H](O)[C@@H](O)[C@H](O)[C@H]2CO)nn1,1,0
C12H20N2O4,primary,CCCCCCc1c(O)noc1CC(N)C(=O)O,1,1
C5H14N2O,primary,NCCCNCCO,1,1
C7H10N2O,primary,COc1cc(CN)ccn1,1,1
C11H15NO2,tertiary,CCN1Cc2ccc(O)cc2C(O)C1,1,1
C9H21N3,secondary,C1CNCCCNCCCNC1,1,1
C8H18N2O,primary,CC(=O)NCCCCCCN,1,1
C11H16N4O6,tertiary,NC(=O)c1nonc1CN1CCCCC1.O=C(O)C(=O)O,0,1
C13H14N2O3,secondary,COC(=O)[C@H]1C[C@]2(CN1)C(=O)Nc1ccccc12,0,0
C11H12N2O2,tertiary,C#CCN(C)Cc1cccc([N+](=O)[O-])c1,1,0
C12H19N5O3,secondary,O=C(O)[C@@H]1C[C@H]2C[C@H](OCc3nn[nH]n3)CC[C@H]2CN1,1,1
C13H21N3,primary,NCCCN1CCN(c2ccccc2)CC1,1,1
C13H17NO2,tertiary,CN1CCC[C@@H]2c3cc(O)ccc3OC[C@H]21,1,1
C11H16N2O,primary,Cc1cccc(C)c1NC(=O)[C@H](C)N,1,1
C13H20N2O,tertiary,COc1ccc2c(c1)C(CCN(C)C)CN2,1,1
C10H19N3O,primary,C[C@@H](C#N)N(C)C(=O)[C@@H](N)C(C)(C)C,1,0
C9H15N3,tertiary,CN(C)CCNc1ccccn1,1,1
C13H14N2O2,secondary,COC(=O)[C@@H]1C[C@H](C#N)[C@H](c2ccccc2)N1,0,0
C11H15NO,tertiary,c1ccc(CN2CCOCC2)cc1,1,1
C10H13N7O4,primary,N[C@@H](Cn1ccc(=O)n(CCc2nn[nH]n2)c1=O)C(=O)O,1,0
C12H14N2,tertiary,CN1CCc2[nH]c3ccccc3c2C1,1,1
C8H13N,tertiary,C=CC1=CCN(C)CC1,1,1
C12H15N3,secondary,C1=C(c2cccnn2)C2CC[C@H](CC1)N2,1,1
C13H16N4O,tertiary,c1cc2nc(N3CCN4CCC3CC4)oc2cn1,1,0
C8H20N2,primary,NCCCCCCCCN,1,1
C12H19N3O,primary,N#C[C@@H]1CCCN1C(=O)[C@@H](N)C1CCCC1,1,1
C11H17NO2,tertiary,CC1O[C@@]2(CC1=O)CN1CCC2CC1,1,0
C11H15N5,primary,Cc1c[nH]c2ncnc(N3CC[C@H](N)C3)c12,1,1
C13H20N2O,tertiary,C[C@H]1CC(=O)N(CC#CCN2CCCC2)C1,1,1
C11H15NO3,primary,COC(=O)C(O)[C@H](N)Cc1ccccc1,1,1
C10H16N4O3,primary,Cc1cn([C@H]2C[C@@H](N)[C@@H](CO)O2)c(=O)nc1N,1,1
C12H22N2O,tertiary,CC(C)C(=O)N[C@@H]1CCN2CCCC[C@@H]12,1,1
C12H15N3,primary,CC(C)(N)c1nc(-c2ccccc2)c[nH]1,1,0
C9H12N2O4,primary,NC1(C(=O)O)CCCCc2onc(O)c21,1,0
C11H14N2,secondary,c1cncc(C2CC3CCC2N3)c1,1,1
C13H15N3O4,primary,Cc1cc2[nH]c(=O)c(=O)n(C(=O)[C@H](N)CO)c2cc1C,0,0
C13H17N3O5,primary,NCC(=O)N[C@H]1CCO[C@H](c2ccc([N+](=O)[O-])cc2)OC1,1,1
C12H19NO2,primary,COc1cc(CC(C)N)c(OC)cc1C,1,1
C13H28N6O6,primary,NC[C@H]1O[C@H](O[C@H]2[C@H](O)[C@@H](O)[C@H](N)C[C@@H]2N=C(N)N)[C@H](N)[C@@H](O)[C@@H]1O,1,1
C13H13NO3,tertiary,O=C1OC(=O)[C@@H]2CN(Cc3ccccc3)C[C@H]12,1,1
C4H12N2,primary,NCCCCN,1,1
C8H12N2,tertiary,CN(C)Cc1ccccn1,1,1
C10H13N3O6,primary,N[C@H](Cn1ccc(=O)n(CCC(=O)O)c1=O)C(=O)O,1,0
C10H22N8O4,primary,NCCN(CC(N)=O)C(=O)[C@@H](N)CCC/N=C(\N)N[N+](=O)[O-],1,0
C9H14N2O2,tertiary,CN1CCc2on(C)c(=O)c2CC1,1,1
C12H15N,secondary,CNC1C2CC[C@H]1c1ccccc12,1,1
C10H11N3O3,tertiary,CN(CC#N)Cc1cc([N+](=O)[O-])ccc1O,0,0
C12H14N4O,secondary,NC(=O)c1cccc2[nH]c([C@@H]3CCCN3)nc12,1,1
C12H25NO3,secondary,CCCCCCCOC[C@H]1NC[C@H](O)[C@@H]1O,1,1
C13H15N5O,primary,NCCc1c[nH]c2ccc(Cc3nc(N)no3)cc12,1,1
C6H13NO2,secondary,CC1CNC[C@H](O)C1O,1,1
C13H18N2,tertiary,CN(C)CCc1cn(C)c2ccccc12,1,1
C6H13N7O2,secondary,NC(N)=NC(=O)CNCC(=O)N=C(N)N,1,1
C13H27NO2,tertiary,C=C[C@@H](O)[C@H](O)CN(CCCC)CCCC,1,1
C5H11NO3,secondary,OC[C@@H]1N[C@H](CO)[C@@H]1O,1,1
C11H20N6O,secondary,CN[C@@H]1CCN(c2cc(NCCO)nc(N)n2)C1,1,0
C11H13N,primary,NC1CC1/C=C\c1ccccc1,1,1
C6H13NO,primary,CC(C)CC(N)C=O,1,0
C13H20N2O2,tertiary,CC(C)N(CCO)CCC(=O)c1cccnc1,1,0
C10H17NO,primary,CC12CC3CC(C1)CC(N)(C3)O2,1,1
C13H16N2O,tertiary,CN1CCC(Oc2ccc(C#N)cc2)CC1,1,1
C9H10N4,primary,NCc1cn(-c2ccccc2)nn1,1,0
C9H10N2O2,primary,NC1Cc2ccccc2N(O)C1=O,1,0
C5H12N2O,primary,N[C@@H]1C[C@H](N)[C@@H](O)C1,1,1
C13H13N3O,secondary,N#Cc1cccc2c1C(=O)N1CCNC[C@H]1C2,1,0
C9H15NO2,tertiary,CC(=O)O[C@H]1CC2CC1CN2C,1,1
C10H12N2O4,primary,N[C@H]1CO[C@H](c2ccc([N+](=O)[O-])cc2)OC1,1,1
C11H15N,primary,NC1(c2ccccc2)CCCC1,1,1
C12H14N2O,secondary,N#Cc1cccc(OC[C@@H]2CCCN2)c1,1,0
C12H16N2,tertiary,CN1CC=C(c2ccc(N)cc2)CC1,1,1
C13H21N3O3,tertiary,CCCCOc1nonc1OC1CN2CCC1CC2,1,1
C12H18N2O,secondary,CCOc1cncc(/C=C/CCNC)c1,1,1
C13H27N3O2,primary,CCCC[C@H](NC(=O)[C@@H](N)CCCC)C(=O)NC,1,1
C12H17NO2,secondary,C=C[C@@H](O)[C@H](O)CNCc1ccccc1,1,0
C13H19N3O,secondary,C/C=C\Oc1cncc(N2CCCNCC2)c1,1,0
C12H24N2O6,primary,NCCCCCC(=O)N[C@@H]1O[C@H](CO)[C@@H](O)[C@H](O)[C@@H]1O,1,0
C12H16N4,secondary,Nc1ccc2[nH]c(C3CCNCC3)nc2c1,1,1
C13H16N2,primary,NCCc1cn2c3c(cccc13)CCC2,1,1
C13H14N2O,secondary,c1cc2c3c(c[nH]c3c1)C[C@H]1NCCO[C@H]21,1,1
C11H17N5,tertiary,CN1CCN(C2=NC=CN3CCN=C23)CC1,1,0
C11H14N2,secondary,c1cc2c(cn1)C1CCC(CC2)N1,1,1
C13H20N2O2,primary,CCCOc1cc(C)c(NC(=O)CN)c(C)c1,1,1
C12H26N8O4,primary,NCCCC[C@H](NC(=O)[C@@H](N)CCC/N=C(\N)N[N+](=O)[O-])C(N)=O,1,1
C5H11N3,secondary,N=C(N)[C@@H]1CCCN1,1,1
C10H14N2,secondary,c1cncc(C2CCCCN2)c1,1,1
C5H11NO3,secondary,O[C@H]1[C@H](O)CNC[C@@H]1O,1,1
C3H9NO,primary,NCCCO,1,1
C10H11NO4,secondary,O=C(O)C1NCCc2cc(O)c(O)cc21,1,0
C13H14N2,secondary,CNCc1cccc(-c2ccncc2)c1,1,1
C12H23N3O3,primary,COC(=O)[C@@H]1C[C@@H](N)CN1C(=O)[C@@H](N)CC(C)C,1,1
C13H23N7O2,primary,N/C(=N\CCC[C@H](N)CNCCc1cccnc1)N[N+](=O)[O-],1,0
C13H17NO,tertiary,CN1CCCC(C(=O)c2ccccc2)C1,1,1
C13H17NO,tertiary,OC1(c2ccccc2)CN2CCC1CC2,1,1
C13H19NO,tertiary,C=C(CN(CC)CC)c1ccc(O)cc1,1,1
C11H19N3,tertiary,CN1CCC(CCc2c[nH]cn2)CC1,1,1
C13H16N2,tertiary,CN(Cc1ccccc1)Cc1ccc[nH]1,1,1
C9H14N2O2,secondary,CCCN1C(=O)[C@H]2CNC[C@H]2C1=O,1,0
C8H14N4O3,secondary,CCNCC(O)Cn1ccnc1[N+](=O)[O-],1,0
C8H11N5O2,tertiary,O=[N+]([O-])c1ncn([C@H]2CN3CC[C@H]2C3)n1,1,0
C8H14N2O2,primary,N[C@@H](CO)C(=O)N1CC[C@@H]2C[C@@H]21,1,1
C13H14N2O2,secondary,O=C1C2CCC(N2)C(=O)N1Cc1ccccc1,0,0
C13H14N4O,tertiary,CN(C)Cc1ccc2c(c1)[nH]c(=O)c1nccn12,1,1
C12H14N2O3,tertiary,CN1CC=C(Oc2ccccc2[N+](=O)[O-])CC1,1,1
C10H13NO,primary,N[C@@H]1CC[C@@]1(O)c1ccccc1,1,1
C11H21N3O2,primary,CC[C@H](C)[C@H](N)C(=O)N1CCC[C@H]1C(N)=O,1,0
C12H17N3O3,tertiary,O=[N+]([O-])c1ccc(N2CCN(CCO)CC2)cc1,1,0
C11H22N2,tertiary,CN1CC2CN(C)CC(C1)C2(C)C,1,1
C13H21NO2,secondary,Cc1cccc(C)c1OCCN[C@H](C)CO,1,1
C7H12N2O,tertiary,O/N=C1\CC2CCN(C1)C2,1,1
C10H11NO2,primary,NC1COc2ccccc2CC1=O,1,0
C12H21N3O,secondary,CCC(CC)NCC(=O)N1CCC[C@H]1C#N,1,0
C12H17N3,secondary,Cc1cc(N2C[C@H]3CN[C@H]3C2)cnc1C,1,1
C13H27N11,primary,NNc1nc(N2C[C@H](N)C[C@H](N)C2)nc(N2C[C@H](N)C[C@H](N)C2)n1,1,1
C13H16N4O2,secondary,O[C@@H]1[C@H](O)CN[C@H]1Cn1cc(-c2ccccc2)nn1,1,0
C11H15N,secondary,CCC1NCCc2ccccc21,1,1
C12H22N4O,primary,N#C[C@@H]1CCCCN1C(=O)[C@@H](N)CCCCN,1,1
C13H21N3O,secondary,CC(C)CCn1nc2c(cc1=O)CCNCC2,1,1
C6H10N2O3,primary,C/C=C(\NC(=O)CN)C(=O)O,1,0
C11H14N2,secondary,c1cc2c(cn1)[C@]1(CCCN1)CC2,1,1
C9H12N6O,primary,NC1=NC(N)c2c(ncn2CC#CCO)N1,1,0
C13H19N7,tertiary,CN1CCN(c2cc(-c3cnn(C)c3)nc(N)n2)CC1,1,0
C12H18N2O,primary,CN(C)C(=O)C[C@H](N)Cc1ccccc1,1,1
C9H17N,secondary,C1CCC2(CC1)CCCN2,1,1
C12H20N2,primary,NCCCc1ccc(CCCN)cc1,1,1
C11H18N2O,secondary,CC1(C)CC1C(=O)N1CC2CC(C1)N2,1,1
C12H17N3O5,tertiary,CCc1nc(C2=CCCN(C)C2)no1.O=C(O)C(=O)O,1,0
C11H21NO4,secondary,CCCCNC1C=C(CO)C(O)C(O)C1O,1,0
C5H10N2O2,secondary,CC1NC(C)N(O)C1=O,0,0
C13H19N3O,secondary,C=CC[C@@H]1CN[C@H](C(=O)N2CCC[C@H]2C#N)C1,1,1
C6H14N2O,primary,CC(=O)NCCCCN,1,1
C8H21N3,primary,CC(N)CCCNCCCN,1,1
C13H16N2O,tertiary,CN1CCN2C(=O)c3ccccc3C[C@@H]2C1,1,0
C11H23NO4,tertiary,CCCCN1C[C@@H](CO)O[C@H](OC)[C@H](O)C1,1,0
C13H17N,tertiary,CN1CC[C@]2(c3ccccc3)C[C@@H]2C1,1,1
C12H19NO4,secondary,COCCNCC(O)COc1ccc(O)cc1,1,0
C12H15N3,secondary,c1ccc(CNCCc2c[nH]cn2)cc1,1,1
C8H16N4O2,primary,NCC(=O)N1CCN(C(=O)CN)CC1,1,1
C13H25NO9,secondary,OCC[C@H]1N[C@H](CO)[C@@H](O)[C@@H]1O[C@@H]1O[C@H](CO)[C@@H](O)[C@H](O)[C@@H]1O,1,0
C10H14N6O3,primary,NC[C@@H]1O[C@@H](n2cnc3c(N)ncnc32)[C@H](O)[C@@H]1O,1,0
C13H14N2,secondary,C#CCNCc1cc2ccccc2n1C,1,1
C9H14N2,secondary,CNCCCc1cccnc1,1,1
C11H27N3,secondary,CNCCCCCNCCCCNC,1,1
C11H17N,secondary,CNC(C)(C)Cc1ccccc1,1,1
C9H17NO4,tertiary,OC[C@]12CCCN1C[C@H](O)[C@@H](O)[C@@H]2O,1,0
C11H15N3O3,primary,NC(=O)CNC(=O)[C@@H](N)Cc1ccc(O)cc1,1,0
C6H16N2O,primary,NCCCOCCCN,1,1
C10H16N2O2,tertiary,Cc1cc([C@@H]2C[C@@H](CO)CN2C)on1,1,0
C12H20N4O2,tertiary,Cc1ncc([N+](=O)[O-])n1CCCN1CCCCC1,1,0
C10H17NO2,tertiary,C[C@H]1OCC2(CN3CCC2CC3)O1,1,1
C12H23N3O,primary,CC1(C)C=C(C(=O)NCCCN)C(C)(C)N1,1,1
C9H14N2O2,tertiary,O=C1NC[C@]2(CN3CCC2CC3)O1,1,0
C13H20N2O,tertiary,CCCN1CCN(c2ccccc2O)CC1,1,1
C10H13N,tertiary,CN1CCc2ccccc2C1,1,1
C8H12N2O2,secondary,O=c1cc(C2CCNCC2)[nH]o1,1,1
C11H16N2,tertiary,Cc1ccc(C2CCCN2C)cn1,1,1
C10H16N4,tertiary,C#CCN(C)CCc1cn(CC)nn1,1,0
C9H13NO,secondary,CNCC(O)c1ccccc1,1,1
C10H13NO,primary,NCC(O)/C=C/c1ccccc1,1,1
C12H16N2O4,primary,N[C@H](Cc1ccccc1)[C@H](O)C(=O)NCC(=O)O,1,0
C9H16N2O3,primary,N[C@@H](CCC(=O)O)C(=O)N1CCCC1,1,0
C6H14N2O3,primary,NC[C@@H]1N[C@H](CO)[C@H](O)[C@@H]1O,1,1
C6H11N3O,tertiary,Cc1noc(CN(C)C)n1,0,0
C10H19N3O4,primary,CC(C)C[C@H](N)C(=O)N[C@@H](CC(N)=O)C(=O)O,1,0
C7H13NO2,tertiary,O[C@H]1CCCN2C[C@H](O)[C@H]12,1,0
C8H17N3,primary,NCCC1CCCCC(N)=N1,1,1
C13H16N4O,secondary,C[C@@]1(c2nc3cccc(C(N)=O)c3[nH]2)CCCN1,1,1
C8H14N2O3,primary,C[C@H](N)C(=O)N1CCC[C@H]1C(=O)O,1,1
C11H20N2O,primary,CC[C@H](C)[C@H](N)C(=O)N1CC[C@@H]2C[C@@H]21,1,1
C11H18N4O4,primary,Cc1ncc([N+](=O)[O-])n1CCOC(=O)C(N)C(C)C,1,0
C10H13NO,tertiary,CC#CC(=O)C1=CCCN(C)C1,1,0
C12H24N2O3,primary,CCCC[C@H](NC(=O)[C@@H](N)CCCC)C(=O)O,1,1
C9H13NO,tertiary,CN1CCC[C@H]1c1ccco1,1,1
C11H19N3O2,primary,Cn1c(CC2(CN)CCCCC2)noc1=O,1,0
C6H13NO4,secondary,OCC1NC(CO)C(O)C1O,1,1
C11H20N2O,tertiary,CC(=O)N[C@@H]1CCCN2CCCC[C@H]12,1,1
C13H19NO,tertiary,OCC1CCN(Cc2ccccc2)CC1,1,1
C13H15NO,secondary,CNCCOc1cccc2ccccc12,1,1
C11H17N,primary,CCCCc1ccc(CN)cc1,1,1
C6H13NO4,secondary,OC[C@@H]1N[C@H](CO)[C@@H](O)[C@@H]1O,1,0
C13H19NO2,tertiary,COc1cc(CN2CCCCC2)ccc1O,1,1
C10H14N4O4,primary,CN1Cc2c(n(C[C@H](N)C(=O)O)c(=O)[nH]c2=O)C1,1,0
C12H22N3O2,primary,CC1(C)C=C(C(=O)NCCCN)C(C)(C)N1[O],1,1
C12H18N6O3,primary,CN(C)c1ncnc2c1ncn2[C@H]1O[C@@H](CO)[C@H](N)[C@@H]1O,1,0
C10H14N2O2,tertiary,COc1cnc(C2=CCCN(C)C2)o1,1,1
C12H12N2O4,primary,N[C@H](Cc1c(O)noc1-c1ccccc1)C(=O)O,1,0
C13H15N3O2,secondary,N#Cc1coc(C(=O)N2CC3CNCC(C3)C2)c1,1,1
C12H18N2O,primary,CN(C)C(=O)[C@H](N)CCc1ccccc1,1,1
C11H16N2O,tertiary,CN1C[C@H](CO)C[C@H]1c1cccnc1,1,1
C10H14N2,primary,NCCC1CNc2ccccc21,1,1
C5H12N2O,primary,CCNC(=O)[C@@H](C)N,1,1
C13H22N2O,tertiary,CC(=O)N1C=C([C@H]2CCCCN2C)CCC1,1,1
C11H17N3O6,primary,COC(=O)/C=C/C(=O)NC[C@H](NC(=O)[C@@H](C)N)C(=O)O,1,0
C11H17N3O,tertiary,CCc1noc(C2CN3CCC2CC3)n1,1,1
C7H15NO5,primary,CO[C@H]1O[C@H](CN)[C@@H](O)[C@H](O)[C@@H]1O,1,1
C13H22N4O2,tertiary,Cc1ncc([N+](=O)[O-])n1CCCCN1CCCCC1,1,0
C10H14N2O2,primary,Cc1ccc(C[C@H](N)C(=O)NO)cc1,1,1
C7H15NO5,secondary,OCC(O)[C@H]1N[C@H](CO)[C@@H](O)[C@@H]1O,1,0
C8H18N2O4,primary,CC1NC(CN)(CO)C(O)C(O)C1O,1,0
C11H14N2,secondary,c1ccc2c(c1)NC1CNCCC21,1,1
C12H15NO3,primary,CC(C)[C@H](N)C(=O)OC(=O)c1ccccc1,1,1
C11H20N2O6,tertiary,CN(C)C(=O)OC[C@H]1C[C@@H]1N(C)C.O=C(O)C(=O)O,1,0
C12H19N,secondary,C1C2CC3CC1CC1(CNCC31)C2,1,1
C11H14N2,secondary,c1cc2c(cn1)[C@@H]1NCC[C@@H]1CC2,1,1
C10H13N,secondary,C[C@@H]1Cc2ccccc2CN1,1,1
C11H14N4O4,tertiary,O=C1CN([C@H]2C[C@@H]2N2CC(=O)NC(=O)C2)CC(=O)N1,0,0
C12H20N2,primary,Cc1c(C)c(CN)c(C)c(C)c1CN,1,1
C7H13NO4,secondary,O[C@@H]1[C@@H](O)[C@H](O)[C@@]2(O)CC[C@@H]1N2,1,0
C13H18N2O3,tertiary,O=C(NCCN1CCOCC1)c1ccc(O)cc1,0,0
C13H24N8,tertiary,CCN(CC)CCCN(Cn1cncn1)Cn1cncn1,1,1
C8H20N4,secondary,C1CNCCNCCNCCN1,1,1
C13H20N4O3,primary,NCC[C@@H](NC(=O)c1ccco1)C(=O)N1CCNCC1,1,1
C6H13NO,tertiary,CN1CCC(O)CC1,1,1
C11H15NO2,primary,CC[C@@H](N)Cc1ccc2c(c1)OCO2,1,1
C12H17NO2,tertiary,O[C@H](c1ccco1)[C@@H]1CC2CCN1CC2,1,1
C10H14N2O,tertiary,C#CCO/N=C/[C@H]1CN2CC[C@H]1C2,1,1
C10H13NO,secondary,COc1cccc2c1CCNC2,1,1
C11H14N4,secondary,c1ccc2c(c1)nnn2C[C@H]1CCCN1,1,0
C12H20N2O3,primary,CC(CCN)NCC(O)c1ccc(O)c(O)c1,1,1
C11H23NO3,secondary,CCCCCCO[C@H]1CNC[C@@H](O)[C@@H]1O,1,1
C13H21N7O4,tertiary,CN(CCON)C[C@H]1O[C@@H](n2cnc3c(N)ncnc32)[C@H](O)[C@@H]1O,1,0
C4H8N2O2,secondary,CC1NCC(=O)N1O,0,0
C10H12N2,secondary,C1=C[C@H](c2cccnc2)NCC1,1,1
C6H17N3,primary,CN(CCN)CCCN,1,1
C13H19N,secondary,c1ccc(CCC2CCCNC2)cc1,1,1
C3H8N2O3,primary,NC(CO)C(=O)NO,1,0
C13H18N2,tertiary,CN1CCC[C@H]2c3cccnc3CC[C@H]21,1,1
C6H13N3,secondary,N=C(N)C1CCCNC1,1,1
C13H23N3,tertiary,c1nc(CCCCCN2CCCCC2)c[nH]1,1,1
C9H19N,primary,C[C@@H](N)CC1CCCCC1,1,1
C13H19NO2,secondary,C[C@@H]1NC(C)(C)CO[C@@]1(O)c1ccccc1,1,0
C13H16N2O4,tertiary,CN1CCC[C@H]1[C@H]1COc2cc([N+](=O)[O-])ccc2O1,1,0
C11H15NO2,secondary,COc1cc2c(cc1O)CCN[C@@H]2C,1,1
C13H20N2O2,tertiary,CN(C)CCc1cccc(OC(=O)N(C)C)c1,1,0
C13H18N2,tertiary,c1cncc(CC2CC3CCN2CC3)c1,1,1
C10H15N3O,tertiary,CO/N=C(\C#N)[C@H]1CN2CCC1CC2,1,1
C12H14N2O,tertiary,O=C1Nc2ccccc2CN2CCC[C@@H]12,1,0
C12H15NO4,secondary,COC(=O)C1NCCc2cc(O)c(OC)cc21,0,0
C6H11NO,tertiary,[2H]C1(O)C=CCN(C)C1,1,1
C13H22N4,tertiary,CN1CCN(c2cc(C(C)(C)C)ncn2)CC1,1,1
C12H20N4O3,tertiary,COc1n[nH]cc1C(=O)N1CCN(CC(C)O)CC1,0,0
C12H23NO3,secondary,CCCCCCNC1C=CC(O)C(O)C1O,1,1
C12H13N3O2,primary,NCCNC(=O)c1cc2ccccc2[nH]c1=O,1,1
C10H16N2O,tertiary,C1CC(O/N=C2\CN3CCC2C3)C1,1,1
C12H17N3O2,tertiary,O=C(NCCN1CCOCC1)c1cccnc1,0,0
C11H12N2O,secondary,O=C1c2ccccc2C2CNCCN12,1,0
C12H16N2,primary,Cc1ccc2c(ccn2CC(C)N)c1,1,1
C12H18N4,tertiary,CN(C)CCCn1c(N)nc2ccccc21,1,1
C10H9NO2,secondary,c1c2c(cc3c1OCO3)C1NC1C2,0,1
C13H16N2O,tertiary,[2H]C([2H])N1CCC(c2c[nH]c3cccc(O)c23)C1,1,1
C11H20N4O2,primary,CC(C)(N)C(O)NCC(=O)N1CCC[C@H]1C#N,1,0
C13H20N2,tertiary,CCCc1ccc(C2CCCN2C)cn1,1,1
C10H14N2,tertiary,CN1CCC[C@H]1c1cccnc1,1,1
C12H30N4,primary,CC(CN)CNCCCCNCC(C)CN,1,1
C12H17NO2,secondary,C=C[C@@H](O)[C@@H](O)CNCc1ccccc1,1,0
C6H11NO5,secondary,O=C(O)[C@]1(CO)NC[C@@H](O)[C@H]1O,1,0
C13H18N4O,tertiary,CN(C)C(C)(C)c1nc2c(C(N)=O)cccc2[nH]1,1,1
C8H12N2O3,secondary,OCc1cc(OC[C@@H]2CCN2)on1,1,0
C9H16N2O6,secondary,O=C(O)C1CN2C(N1)[C@H](O)[C@@H](O)[C@H](O)[C@H]2CO,0,0
C11H13N3O,secondary,CC1Cn2c(O)nc3cccc(c32)CN1,1,1
C10H13N3,tertiary,c1cnc([C@@H]2CN3CCC2C3)cn1,1,1
C6H15N3,secondary,C1CNCCNCCN1,1,1
C3H9NO2,primary,NC(CO)CO,1,1
C13H17N5O3,tertiary,O=[N+]([O-])c1c(N2CCN(CCO)CC2)nc2ccccn12,1,0
C10H13NO,primary,NC/C=C\COc1ccccc1,1,1
C13H16N2O2,secondary,CC(C)[C@@H]1N[C@H](c2ccccc2)C(=O)NC1=O,0,0
C9H15N3O,tertiary,O=C1NCC2(CN3CCC2CC3)N1,1,1
C13H15N3,secondary,c1ccc(-c2n[nH]c3c2CCNCC3)cc1,1,1
C11H15N3O3,primary,NCC(=O)N[C@@H](Cc1ccc(O)cc1)C(N)=O,1,0
C12H15N3O2,tertiary,CN(C)CCn1c(=O)[nH]c2ccccc2c1=O,1,0
C12H17N7,tertiary,CN1CCN(c2cc(-n3ccnc3)nc(N)n2)CC1,1,1
C9H15NO2,tertiary,CC(=O)O[C@H]1CN2CCC1CC2,1,1
C8H19NO6,secondary,OCCNCC(O)C(O)C(O)C(O)CO,1,0
C9H11N,primary,C=C(CN)c1ccccc1,1,1
C6H13NO3,secondary,C[C@H]1N[C@@H](CO)[C@@H](O)[C@H]1O,1,1
C13H16N4O,tertiary,c1cnc2oc(N3CCN4CCC3CC4)nc2c1,1,0
C9H14N4O,tertiary,CC(C)(N1CC1C#N)N1CC1C(N)=O,0,0
C8H20N2,primary,CC(C)(CN)C(C)(C)CN,1,1
C13H20N2,tertiary,CCCN(C)C1CCCc2ccncc21,1,1
C13H14N6,secondary,c1ccc2c(c1)nc(N1CCNCC1)c1nncn12,1,0
C10H19NO2,tertiary,CCCCN1CC=C[C@@H](O)[C@@H]1CO,1,1
C13H18N2,tertiary,Cc1cccc2c(CCN(C)C)c[nH]c12,1,1
C12H14N4O2,tertiary,N#CCN1CCN(c2ccccc2[N+](=O)[O-])CC1,0,0
C10H20N2O6,secondary,COC(=O)[C@H](CO)NCCN[C@@H](CO)C(=O)OC,0,0
C12H17N3O2,secondary,CC(=O)NCc1cncc(OC[C@@H]2CCN2)c1,1,1
C11H16N2O,primary,CC(C)[C@@H](N)C(=O)Nc1ccccc1,1,1
C11H24N2O,primary,CCCCCCNC(=O)[C@@H](N)C(C)C,1,1
C13H22N2O2,secondary,CNc1cc(C(O)CNC(C)(C)C)ccc1O,1,1
C9H19NO,primary,NCC(O)C1CCCCCC1,1,1
C12H17N3O2,primary,CCOc1nc2ccc(OC)cc2n1CCN,1,1
C13H21NO2,secondary,CNC(C)Cc1cc(OC)c(C)cc1OC,1,1
C13H17N3O,secondary,CC(C)C1CNCc2cccc3nc(O)n1c23,1,1
C11H11NO3,secondary,CNCc1cc(=O)oc2cc(O)ccc12,1,0
C11H15N,primary,C[C@@H](N)C/C=C\c1ccccc1,1,1
C10H14N6O3,secondary,Nc1ncnc2c(C3N[C@H](CO)[C@H](O)[C@@H]3O)n[nH]c12,1,0
C11H15NO3,primary,COc1ccc(C(=O)C(C)N)c(OC)c1,1,1
C12H16N2O4,primary,COC(=O)C(N)c1cccc(C(N)C(=O)OC)c1,0,0
C11H13NO,secondary,Oc1cccc2c1C1CNCC2C1,1,1
C11H15N5O3,secondary,Nc1ncnc2c([C@@H]3N[C@H](CO)[C@@H](O)[C@H]3O)c[nH]c12,1,1
C11H13N7O,primary,NCCCn1c(-c2nonc2N)nc2cnccc21,1,0
C7H14N2O4,primary,C[C@H](NC(=O)[C@@H](N)[C@@H](C)O)C(=O)O,1,0
C10H21N3O4,primary,NCCCC/N=C1\N[C@H](CO)[C@@H](O)[C@H](O)[C@H]1O,1,1
C7H13N3,primary,CCc1nc(CCN)c[nH]1,1,1
C11H17N3O,secondary,C(=N/CCN1CCNCC1)\c1ccco1,1,1
C12H17NO5,secondary,COc1ccc([C@@H]2N[C@@H](CO)[C@H](O)[C@H]2O)cc1O,1,0
C11H16N4O4,secondary,O=c1[nH]cnc2c(CN[C@@H](CO)[C@H](O)CO)c[nH]c12,1,0
C7H10N2O2,secondary,Oc1onc2c1CCCNC2,1,1
C12H22N4O2,secondary,NC(=O)[C@@H]1CCCN1C(=O)CN[C@@H]1CCCNC1,1,1
C8H17N3O4,primary,NCC/N=C1\N[C@H](CO)[C@@H](O)[C@H](O)[C@@H]1O,1,1
C8H9N,secondary,c1ccc2c(c1)CNC2,1,1
C11H21N3O,primary,NCC[C@H](N)C(=O)N1CC[C@H]2CCC[C@H]21,1,1
C13H16N2O3,tertiary,N#Cc1ccc(CN2C[C@H](O)[C@H](O)[C@H]2CO)cc1,1,0
C10H15N9,secondary,Nc1nc(N)c2nc(CN3CCNCC3)nnc2n1,1,1
C13H21NO2,primary,CCc1cc(OC)c(CC(C)N)cc1OC,1,1
C13H20N2O2,tertiary,COc1oc(C2=CCCN(C)C2)nc1C(C)C,1,1
C6H12N2O4,primary,C[C@H](NC(=O)[C@@H](N)CO)C(=O)O,1,0
C13H21N3O6,primary,CCC[C@H](N)C(=O)N[C@@H](CNC(=O)/C=C/C(=O)OC)C(=O)O,1,1
C13H18N4O3,tertiary,COc1nn(CCCN(C)C)c2ccc([N+](=O)[O-])cc12,1,0
C12H24N2O2,secondary,C/C(=N\OCC(O)CNC(C)(C)C)C1CC1,1,1
C12H21N5,secondary,CN[C@H]1CCN(c2ccnc(NC(C)C)n2)C1,1,1
C11H17NO,secondary,CN[C@H](C)Cc1ccc(OC)cc1,1,1
C11H12N2O3,tertiary,O=C1NC(=O)[C@@H]2CCCN2[C@H]1c1ccco1,0,0
C8H18N2O2,tertiary,OCCN1CCN(CCO)CC1,1,0
C9H11NO2,secondary,Oc1ccc2c(c1)C(O)CNC2,1,1
C6H10N2O,tertiary,O/N=C1\CN2CCC1C2,1,1
C13H14N2O2,secondary,COC(=O)[C@H]1Cc2c([nH]c3ccccc23)CN1,0,0
C13H16N4O2,secondary,C[C@@H]1N[C@@H](c2cn(-c3ccccc3)nn2)[C@H](O)[C@@H]1O,1,0
C13H25N5,tertiary,CCC(C)Nc1cc(C)nc(NCCN(C)C)n1,1,1
C12H18N6O3,primary,NC(N)=NCCC[C@@H](N)C(=O)Nc1ccc([N+](=O)[O-])cc1,1,1
C13H14N2O,secondary,Cc1nc2cc3c(cc2o1)C1CNCC3C1,1,1
C10H12N2O,primary,NCCc1ccc2c(c1)CC(=O)N2,1,1
C8H13N3O4,primary,C[C@H](N)C(=O)N1C(=O)N(C)C[C@H]1C(=O)O,0,1
C13H15NO,tertiary,C#CCN(C)Cc1ccc(C(C)=O)cc1,1,0
C11H17NO,primary,COc1cc(CC(C)N)ccc1C,1,1
C8H12N2O2,secondary,COc1noc2c1CNCCC2,1,1
C6H12N2O2,secondary,C#CCNCC(O)CON,1,1
C12H15N,primary,NC12CCC(C1)c1ccccc1C2,1,1
C9H16N2O,tertiary,CO/N=C(\C)[C@H]1CN2CC[C@H]1C2,1,1
C11H15NO,primary,COc1ccc2c(c1C)CC(N)C2,1,1
C9H11N,primary,N[C@H]1C[C@@H]1c1ccccc1,1,1
C11H16N6O,tertiary,Nc1n[nH]c(N2CCN(Cc3ccco3)CC2)n1,0,0
C13H16N4O,secondary,Cn1c(=O)c(N2CCNCC2)nc2ccccc21,1,1
C12H26N4,tertiary,C/N=C(/N)C1CN(C(C)C)CCN1C(C)C,1,1
C9H18N2O,tertiary,CC(C)O/N=C\[C@@H]1CCCN1C,1,1
C10H15NO2,primary,COc1cc(CC(C)N)ccc1O,1,1
C11H20N6,tertiary,CN1CCN(c2cc(N(C)C)nc(N)n2)CC1,1,0
C11H23N3O6,primary,CC1NC(CO)(CNC(=O)[C@@H](N)CO)C(O)C(O)C1O,1,0
C7H13NO4,tertiary,O[C@@H]1[C@H](O)[C@H]2[C@@H](O)CN2C[C@H]1O,0,0
C6H14N2O,primary,NOC1CCC(N)CC1,1,1
C13H13NO,primary,NCc1cccc(Oc2ccccc2)c1,1,1
C9H13NO3,primary,CC(N)C(O)c1ccc(O)c(O)c1,1,1
C10H15N3O,tertiary,CN1CCCC1COc1cncnc1,1,0
C8H15NO,secondary,O[C@H]1CC[C@H]2CCN[C@H]2C1,1,1
C11H12N4O,primary,NCc1[nH]c(-c2ccncc2)cc1C(N)=O,1,0
C10H15NO,primary,CCc1cc(CCN)ccc1O,1,1
C7H15NO4,secondary,CC1NC(CO)[C@@H](O)[C@@H](O)[C@@H]1O,1,0
C12H17NO4,secondary,COc1cccc([C@@]2(CO)NC[C@H](O)[C@H]2O)c1,1,0
C12H14N2O2,secondary,COc1cccc2c1C(=O)N1CCNCC21,1,0
C13H18N2O,primary,NC(Cc1ccccc1)C(=O)N1CCCC1,1,0
C12H18N2O2,tertiary,Cc1[nH]cc(CN2CCCCC2)c(=O)c1O,1,1
C13H20N2O4,secondary,Cc1oc([C@H]2NC[C@@H](O)[C@H]2O)cc1C(=O)NC(C)C,1,0
C10H16N2O3,tertiary,CC1CC(=O)N(CN2CCOCC2)C1=O,0,0
C12H21N3O2,secondary,N#C[C@@H]1CCCN1C(=O)CNCCCCCO,1,0
C13H21N5O5,primary,COC(=O)[C@H](CCCCN)NC(=O)Cn1c([N+](=O)[O-])cnc1C,1,1
C6H12N4,primary,NCCCc1c[nH]c(N)n1,1,1
C10H13NO,tertiary,CC#CC(=O)C1=CCN(C)CC1,1,0
C12H19NO,primary,Cc1cccc(C)c1OC[C@H](C)CN,1,1
C12H23N3O2,primary,CCCNC(=O)[C@@H]1CCCN1C(=O)[C@@H](N)CC,1,0
C13H21N3O,tertiary,CCNc1cncc(OC[C@@H]2CCCN2C)c1,1,1
C11H16N2O,secondary,COc1ccc(N2CCNCC2)cc1,1,1
C12H21NO,primary,NCCC12CC3CC(CC(C3)C1O)C2,1,1
C6H16N2,primary,CC(N)CCC(C)N,1,1
C13H18N2O,tertiary,CN1CCC2(C)c3cc(O)ccc3N(C)C12,0,1
C12H23N3O2,primary,CC(=O)NCCCCC(N)C(=O)N1CCCC1,1,0
C7H13NO6,secondary,O=C(O)[C@H]1N[C@@H](CO)[C@H](O)[C@H](O)[C@H]1O,0,0
C10H15NO2,primary,Cc1cc(O)c(CC(C)N)cc1O,1,1
C12H16N2O3,tertiary,O=C(O)[C@H]1CN(Cc2ccccn2)CC[C@H]1O,1,0
C5H10N2O3,primary,CC(NC(=O)CN)C(=O)O,1,0
C7H15NO5,primary,NCC1OC(CO)C(O)C(O)C1O,1,1
C6H13NO5,primary,N[C@H]1[C@H](O)[C@@H](CO)OC(O)[C@@H]1O,1,0
C9H11N,primary,NC1CC1c1ccccc1,1,1
C13H15N3,secondary,c1cc2c3c(c[nH]c3c1)CC1CNCCN21,1,1
C9H12N2O4,primary,N[C@H](CO)[C@H](O)c1ccc([N+](=O)[O-])cc1,1,0
C13H17N3O5,primary,NC(=O)C[C@H](N)C(=O)N[C@@H](Cc1ccc(O)cc1)C(=O)O,1,0
C10H15N3O,tertiary,CO/N=C(/C#N)C1CN2CCC1CC2,1,0
C12H18N2O2,tertiary,O=C1[C@H](O)CCN1CC#CCN1CCCC1,1,0
C13H25NO,secondary,CC(C)(C)C1CC(=O)CC(C(C)(C)C)N1,1,1
C11H19N3,tertiary,Cc1cc(N)nc(CCCN(C)C)c1,1,1
C11H17N5O4,secondary,Nc1nc2c(CN[C@H](CO)[C@H](O)CO)c[nH]c2c(=O)[nH]1,0,1
C12H15NO2,tertiary,CN(C)CCC1OC(=O)c2ccccc21,1,0
C11H18N2O,tertiary,CCN(C)CC#CCN1CCCC1=O,1,1
C9H12N2O,primary,CNC(=O)C(N)c1ccccc1,1,1
C13H24N2,secondary,CC1(C)C=C(CN2CCCC2)C(C)(C)N1,1,1
C7H14N2O,tertiary,CNC(=O)/C=C/CN(C)C,1,1
C9H13N3O,tertiary,CN1CCC(Oc2cnccn2)C1,1,1
C11H13N3O2,primary,N[C@H](Cc1c[nH]c2ccccc12)C(=O)NO,1,0
C6H14N2O3,primary,NC[C@@H]1N[C@@H](CO)[C@@H](O)[C@H]1O,1,0
C13H16N2O4,tertiary,CN1CCC(OC(=O)c2ccccc2[N+](=O)[O-])CC1,1,0
C13H22N2O,tertiary,CCN(CC)CC#CCN1C(=O)CCC1C,1,1
C12H21NO3,tertiary,CC(=O)OC1CCCCC1N1CCOCC1,1,0
C11H15N3O2,tertiary,CN1CCN(c2ccc([N+](=O)[O-])cc2)CC1,1,0
C9H14N6O5,primary,NC[C@H]1O[C@@H](Nc2ncnc(N)c2[N+](=O)[O-])[C@H](O)[C@@H]1O,1,0
C8H15N3O2,primary,NC(=O)CC(N)C(=O)N1CCCC1,1,0
C6H12N2O3,primary,C[C@H](N)C(=O)N(C)CC(=O)O,1,1
C10H11N,secondary,C#CCNCc1ccccc1,1,1
C12H26N2,secondary,CCCCCCCCN1CCNCC1,1,1
C9H16N2O2,tertiary,CN1CCC2(CC1)C/C(=N/O)CO2,1,0
C8H13N3,secondary,c1nc(CC2CCNC2)c[nH]1,1,1
C10H18N6O,tertiary,COCc1nc(N)nc(N2CCN(C)CC2)n1,1,1
C12H17NO5,secondary,CCOC(=O)c1cc([C@H]2NC[C@@H](O)[C@H]2O)oc1C,1,0
C12H15N3O5,primary,NCC(=O)N[C@H]1CO[C@@H](c2ccc([N+](=O)[O-])cc2)OC1,1,1
C11H14N4O4,tertiary,O=C1CN([C@@H]2C[C@@H]2N2CC(=O)NC(=O)C2)CC(=O)N1,0,0
C13H17N3O,primary,C[C@H](N)Cn1ncc2ccc3c(c21)CCCO3,1,1
C12H17N3,tertiary,Cc1cnc(C)c([C@@H]2CN3CCC2C3)n1,1,1
C11H17N3O,tertiary,CN1CCC[C@H]1COc1cncc(N)c1,1,1
C12H24N2O9,primary,N[C@H]1[C@H](O)[C@H](O)[C@@H](O)[C@@H](O)[C@@H]1N[C@H]1[C@H](O)[C@H](O)[C@@H](O)[C@@H](O)[C@@H]1O,1,0
C11H19N3O3,tertiary,O=C1CCC(=O)N1CN1CCN(CCO)CC1,1,0
C10H16N2O,tertiary,CCN(C)CCOc1cccnc1,1,1
C11H16N4O5,tertiary,COC(=O)C1CCN1CC(O)Cn1ccnc1[N+](=O)[O-],0,0
C11H14N2O4,primary,N[C@H]1CCO[C@@H](c2ccc([N+](=O)[O-])cc2)OC1,1,1
C12H17N3O2,primary,Nc1cccc(C(=O)O[C@H]2C[C@H](N)C[C@@H]2N)c1,1,1
C13H18N2,secondary,Cc1cccc2c1N1[C@@H](CNC[C@H]1C)C2,1,1
C10H18N6,tertiary,Nc1n[nH]c(N2CCN(CC3CC3)CC2)n1,1,0
C11H15NO,secondary,c1ccc(OC2CCNCC2)cc1,1,1
C10H13NO5,secondary,Cc1oc(C2NCC(O)C2O)cc1C(=O)O,1,0
C6H11N3,primary,Cn1cnc(CCN)c1,1,1
C13H19NO3,primary,COc1cc2c(cc1O)CCC(C)(CCN)O2,1,1
C13H23N3,tertiary,CCCN(CCC)[C@H]1CCn2nccc2C1,1,1
C12H17N3O,secondary,COc1ccc(N2CC[C@H]3CN[C@H]3C2)cn1,1,1
C10H19N,primary,CC(C)C1C2CCC(C2)C1N,1,1
C12H19N7O8,primary,NCCC(=O)N[C@@H](Cc1c[nH]cn1)C(=O)NC[C@@H](CO[N+](=O)[O-])O[N+](=O)[O-],1,1
C4H9NO,secondary,OC1CCNC1,1,1
C11H17NO2,primary,COc1ccc(OC)c(C[C@@H](C)N)c1,1,1
C13H21N3O2,tertiary,CCCCN(CCO)CCC(=O)c1cnccn1,1,1
C13H12N6O2,secondary,N#Cc1nc2cc([N+](=O)[O-])ccc2nc1N1CCNCC1,1,1
C8H16N2O,primary,CC(N)C(=O)N1CCCCC1,1,1
C12H13N3O3,primary,N#Cc1ccc(NC(=O)C(N)CCC(=O)O)cc1,1,0
C12H18N2O3,secondary,O=CNCCNCC(O)COc1ccccc1,1,0
C13H15N3O2,secondary,N#Cc1ccc(C(=O)N2CC3CNCC(C3)C2)o1,1,1
C13H19NO4,tertiary,COc1ccc([C@@H]2[C@@H](O)[C@H](O)[C@@H](CO)N2C)cc1,1,0
C11H20N2O,tertiary,CCCCO/N=C/[C@H]1CN2CC[C@H]1C2,1,1
C13H17N3O,secondary,CCCCNCc1nc(-c2ccccc2)no1,1,1
C12H19N3O2,tertiary,CC(C)N(CCO)CCC(=O)c1cnccn1,1,0
C11H15N3O2,primary,NCC(=O)N[C@@H](Cc1ccccc1)C(N)=O,1,0
C13H19N3O,secondary,CCOc1cncc(N2CC[C@H]3CN[C@H]3C2)c1,1,1
C11H13NO2,tertiary,COC(=O)CN1Cc2ccccc2C1,0,0
C9H11N3,primary,NCCc1c[nH]c2ccncc12,1,1
C10H12N2O,primary,COc1ccc2[nH]c(CN)cc2c1,1,0
C4H7NO3,primary,CC(=O)C(N)C(=O)O,1,0
C11H18N2O,tertiary,CCCCN(C)Cc1ncccc1O,1,1
C12H14N8,primary,N#Cc1cnc(Nc2cc(NCCCN)ncn2)cn1,1,0
C9H16N2O2,primary,C[C@@H](O)[C@H](N)C(=O)N1CC[C@@H]2C[C@@H]21,1,0
C12H15N5O2,tertiary,CN(C)CCNC(=O)c1nc(-c2cccnc2)no1,1,0
C6H13NO2,secondary,OC[C@@H]1NCCC[C@@H]1O,1,1
C8H11N3O,primary,NC[C@H]1C=C[C@@H](c2c[nH]cn2)O1,1,1
C12H15N,secondary,C=C=C(CNC)Cc1ccccc1,1,1
C12H16N2O,primary,COc1ccc2[nH]cc(C[C@H](C)N)c2c1,1,1
C12H14N4O2,primary,N[C@H]1CC[C@@H](c2nc3cc([N+](=O)[O-])ccc3[nH]2)C1,1,1
C7H11N7,primary,NCCNc1nc(N)nc2[nH]cnc12,1,1
C9H11N3O3,secondary,O=[N+]([O-])c1cncc(OC[C@@H]2CCN2)c1,1,1
C6H11N3,primary,C[C@@H](N)Cc1c[nH]cn1,1,1
C13H27NO4,secondary,CC(C)CCC(C)NC[C@H]1O[C@H](CO)[C@@H](O)[C@@H]1O,1,1
C12H13N3O,primary,N=C(Nc1cccc(CN)c1)c1ccco1,1,1
C11H15NO3,secondary,OC[C@]1(c2ccccc2)NC[C@H](O)[C@H]1O,1,0
C10H13NO,primary,COc1ccc([C@@H]2C[C@H]2N)cc1,1,1
C12H22N4O2,secondary,NC(=O)[C@@H]1CCCN1C(=O)CN[C@H]1CCCNC1,1,1
C13H23N3O2,tertiary,CC[C@@H](C(N)=O)N1C[C@H](CN2CCCC2)CC1=O,1,1
C12H19NO3,secondary,CC(C)(C)NCC(O)c1ccc(O)c(O)c1,1,1
C9H12N2,secondary,c1ccc2c(c1)CNCCN2,1,1
C10H13N,secondary,c1ccc2c(c1)CCCNC2,1,1
C9H15NO2,tertiary,CCOC(=O)C1=CCN(C)CC1,1,0
C12H15NO,primary,COc1cccc2c1C1CC2CC1N,1,1
C8H9NO,secondary,c1ccc2c(c1)CNCO2,1,1
C12H17N3O3,secondary,O=[N+]([O-])c1cc(NC2CCCNC2)ccc1CO,1,1
C12H25NO3,tertiary,CCCCN1C[C@@H](O)[C@H](O)[C@@H](O)[C@H]1CCC,1,1
C12H16N2,tertiary,CN(C)CCn1ccc2ccccc21,1,1
C12H18N2,secondary,CCCNC1CCCc2ccncc21,1,1
C9H18N4O2,primary,C[C@H]1N[C@H](CCCCN)C(=O)NNC1=O,1,1
C9H20N2,primary,CC1CCN(CCCN)CC1,1,1
C8H11N3O2,secondary,OCc1noc(C2=CCCNC2)n1,1,0
C10H21NO4,secondary,CCCCN[C@@H]1C[C@@H](O)[C@H](O)[C@@H](O)[C@H]1O,1,1
