ID,formula,amine_class,smiles,idx,acid_or_base,pka_type,pka_value,source,inchi_key
49627,C7H9N3,secondary,N#C[C@@H]1CCC[C@H](C#N)N1,9,base,pKAH1,1.35,chembl,YIUPHEPARZCBPW-KNVOCYPGSA-N
111195,C7H11NO4,tertiary,COC(=O)CN1CC1C(=O)OC,5,base,pKAH1,1.01,chembl,HMYWTXJDSDVOFH-UHFFFAOYSA-N
3438,C9H14N4O,tertiary,CC(C)(N1CC1C#N)N1CC1C(N)=O,3,base,pKAH1,1.59,chembl,RPZOFMHRRHHDPZ-UHFFFAOYSA-N
122390,C12H14N6O2,tertiary,Cn1c(=O)c2c(nc3n2CCN(CC#N)C3)n(C)c1=O,8,base,pKAH1,1.31,chembl,COFGPVTTZHNCPH-UHFFFAOYSA-N
66028,C7H9N3,secondary,N#C[C@@H]1CCC[C@@H](C#N)N1,9,base,pKAH1,1.35,chembl,YIUPHEPARZCBPW-BQBZGAKWSA-N
75500,C13H15NO4,tertiary,COC(=O)C1CN1CC(=O)OCc1ccccc1,6,base,pKAH1,0.87,chembl,PCIUUICNOBVGMX-UHFFFAOYSA-N
73284,C11H11NO3,tertiary,O=C1CN(Cc2ccc3c(c2)OCO3)C1,3,base,pKAH1,1.39,chembl,QEWSMHSOCJVHMK-UHFFFAOYSA-N
118204,C8H13NO4,tertiary,COC(=O)C1CN1[C@@H](C)C(=O)OC,6,base,pKAH1,1.3,chembl,FXMLKVDNSKCHDD-YXDJQVONSA-N
37372,C9H12N4O,primary,CC1=CN(C)C2=NC(N)NC(=O)C2=C1,6,base,pKAH1,2.21,chembl,BVYZVVHRQPDCLG-UHFFFAOYSA-N
67312,C9H12N4O,primary,CC1=CC=C2C(=O)NC(N)N=C2N1C,10,base,pKAH1,2.19,chembl,QORTUZFRDCQSSV-UHFFFAOYSA-N
42536,C13H16N2O3,tertiary,COc1cc(C(C#N)N2CCOCC2)ccc1O,8,base,pKAH1,2.5,chembl,UKWYKUCFKZLTCY-UHFFFAOYSA-N
95593,C10H17NO4,tertiary,COC(=O)C1CN1[C@H](C(=O)OC)C(C)C,6,base,pKAH1,1.91,chembl,BCTWIURBSTWDKB-KAIZJQOQSA-N
1231,C9H12N4O,primary,CC1=C2C(=O)NC(N)N=C2N(C)C=C1,8,base,pKAH1,2.19,chembl,SAKRAQLCQWKSKE-UHFFFAOYSA-N
53476,C9H15NO4,secondary,COC(=O)[C@@H]1CCC[C@H](C(=O)OC)N1,13,base,pKAH1,2.8,chembl,DTBPRDQEECCDNY-KNVOCYPGSA-N
74390,C11H14N4O4,tertiary,O=C1CN([C@@H]2C[C@@H]2N2CC(=O)NC(=O)C2)CC(=O)N1,3,base,pKAH1,2.62,chembl,CJRYCXUDTLRXOJ-KNVOCYPGSA-N
82018,C8H10N4O,primary,CN1C=CC=C2C(=O)NC(N)N=C21,11,base,pKAH1,2.16,chembl,FGVRTYRQFSJVAF-UHFFFAOYSA-N
57413,C13H19N7O4,tertiary,COC(=O)c1ncn(CN(Cn2cnc(C(=O)OC)n2)C(C)C)n1,5,base,pKAH1,2.37,chembl,NMIOIIYPQQQIBC-UHFFFAOYSA-N
114425,C11H19N7O,tertiary,Cn1cnc(CN(CCCO)Cc2ncn(C)n2)n1,3,base,pKAH1,2.71,chembl,CVIOFMUJYLDOTE-UHFFFAOYSA-N
3772,C10H14N4O,primary,CC(C)N1C=CC=C2C(=O)NC(N)N=C21,3,base,pKAH1,2.23,chembl,UYEHZVYJLCINRQ-UHFFFAOYSA-N
15369,C10H14N4O,primary,CCN1C=C(C)C=C2C(=O)NC(N)N=C21,2,base,pKAH1,2.24,chembl,NENPVXRQJYZLBI-UHFFFAOYSA-N
18404,C11H16N4O,primary,CCCN1C=C(C)C=C2C(=O)NC(N)N=C21,3,base,pKAH1,2.28,chembl,AHWADGOGVAPUSM-UHFFFAOYSA-N
6448,C9H12N4O,primary,CCN1C=CC=C2C(=O)NC(N)N=C21,2,base,pKAH1,2.2,chembl,FVWLPLVHCKQEFU-UHFFFAOYSA-N
71783,C13H20N4O,primary,CC1=C2C(=O)NC(N)N=C2N(CCC(C)C)C=C1,10,base,pKAH1,2.33,chembl,NAWLBWMUPRTSGE-UHFFFAOYSA-N
108829,C11H16N4O,primary,CC(C)CN1C=CC=C2C(=O)NC(N)N=C21,4,base,pKAH1,2.29,chembl,UTLUAUJSXNWJNN-UHFFFAOYSA-N
9439,C13H14N2O3,tertiary,N#CC(c1ccc2c(c1)OCO2)N1CCOCC1,12,base,pKAH1,2.44,chembl,JUDGQLZUYWJUAJ-UHFFFAOYSA-N
114678,C12H18N4O,primary,CC1=C2C(=O)NC(N)N=C2N(CC(C)C)C=C1,10,base,pKAH1,2.29,chembl,JFHPIYDRBRORCK-UHFFFAOYSA-N
109874,C11H14N4O4,tertiary,O=C1CN([C@H]2C[C@@H]2N2CC(=O)NC(=O)C2)CC(=O)N1,3,base,pKAH1,2.62,chembl,CJRYCXUDTLRXOJ-BQBZGAKWSA-N
82264,C10H14N4O,primary,CCCN1C=CC=C2C(=O)NC(N)N=C21,3,base,pKAH1,2.25,chembl,GMLQXCJLQFOMRX-UHFFFAOYSA-N
117081,C9H15NO4,secondary,COC(=O)[C@@H]1CCC[C@@H](C(=O)OC)N1,13,base,pKAH1,2.8,chembl,DTBPRDQEECCDNY-BQBZGAKWSA-N
93908,C11H16N4O,primary,CCCN1C=CC(C)=C2C(=O)NC(N)N=C21,3,base,pKAH1,2.26,chembl,YWSKAQWSPONVPP-UHFFFAOYSA-N
22861,C3H4N2,secondary,N#CC1CN1,4,base,pKAH1,2.61,chembl,PGZUFTROELAOMP-UHFFFAOYSA-N
43972,C5H7N5O4,primary,NC(=O)NC1(N)C(=O)NC(=O)NC1=O,5,base,pKAH1,2.41,chembl,BMYPTJAIXVUJAY-UHFFFAOYSA-N
69097,C11H16N4O,primary,CCCN1C(C)=CC=C2C(=O)NC(N)N=C21,3,base,pKAH1,2.26,chembl,AAAKPBKWFMPTSQ-UHFFFAOYSA-N
90323,C11H16N4O,primary,CC1=CN(C(C)C)C2=NC(N)NC(=O)C2=C1,3,base,pKAH1,2.26,chembl,CTFGANGSIIDBSJ-UHFFFAOYSA-N
22066,C11H13N3O,tertiary,COc1nc(C)ccc1CN1CC1C#N,3,base,pKAH1,2.45,chembl,KOYMTVWMCXDJNV-UHFFFAOYSA-N
108775,C8H8N2,tertiary,C#CCN(CC#C)CC#N,3,base,pKAH1,3.65,chembl,BSSFFFVKZOENTP-UHFFFAOYSA-N
63080,C7H11NO4,secondary,COC(=O)[C@@H]1C[C@H](C(=O)OC)N1,11,base,pKAH1,3.01,chembl,RYEDNANZSWYKTB-SYDPRGILSA-N
94813,C4H7N3O4,secondary,O=C(NO)[C@H]1N[C@@H]1C(=O)NO,5,base,pKAH1,3.02,chembl,WQFFMXTWKARHNS-LWMBPPNESA-N
68524,C9H16N2O5,tertiary,O=C1CN(C2O[C@H](CO)[C@@H](O)[C@H]2O)CCN1,3,base,pKAH1,3.57,chembl,IVVUGGIVZUMZPF-HDPJAJKNSA-N
33066,C13H13N3O5,tertiary,O=C1C(=O)N(CN2CCOCC2)c2ccc([N+](=O)[O-])cc21,6,base,pKAH1,2.92,chembl,QLDDTGDDLGYCQR-UHFFFAOYSA-N
33971,C11H16N4O4,tertiary,CC(CN1CC(=O)NC(=O)C1)N1CC(=O)NC(=O)C1,3,base,pKAH1,3.2,chembl,BMKDZUISNHGIBY-UHFFFAOYSA-N
119585,C11H16N4O5,tertiary,COC(=O)CN1CCN2CC(=O)NC(=O)[C@@H]2[C@@H]1C(N)=O,18,base,pKAH1,3.84,chembl,JTULGOHTAWSEAS-BDAKNGLRSA-N
98914,C12H13N3O3,tertiary,O=C1[C@@H]2CCCN2CN1c1ccc([N+](=O)[O-])cc1,6,base,pKAH1,3.23,chembl,TXYKDKVSVUSEJM-NSHDSACASA-N
59032,C12H14N4O2,tertiary,N#CCN1CCN(c2ccccc2[N+](=O)[O-])CC1,3,base,pKAH1,3.61,chembl,SZZKOMGSYKIYOP-UHFFFAOYSA-N
228,C9H7N5,primary,NC1N=Nc2nc3ccccc3nc21,5,base,pKAH1,3.7,chembl,HNQOBXLEAKVVES-UHFFFAOYSA-N
17357,C9H16N2O7,secondary,O=C1NCC(O)NC12O[C@H](CO)[C@@H](O)[C@H](O)[C@H]2O,6,base,pKAH1,3.48,chembl,PDBGJSFWRCBNGD-QHEUCDORSA-N
63482,C4H5N3O3,primary,NC1C(=O)NC(=O)NC1=O,0,base,pKAH1,3.81,chembl,PSQZLWHRJMYZHD-UHFFFAOYSA-N
20754,C10H17NO4,secondary,COC(=O)[C@H]1C[C@@H](C(=O)OC(C)(C)C)N1,14,base,pKAH1,3.01,chembl,MAMZFFGKFREQMO-RQJHMYQMSA-N
59719,C12H14N2O2,tertiary,N#CC(c1ccc(O)cc1)N1CCOCC1,10,base,pKAH1,2.93,chembl,ALBNAZLYPCNYDM-UHFFFAOYSA-N
56596,C13H14N2O3,tertiary,O=C1C(=O)N(CN2CCOCC2)c2ccccc21,6,base,pKAH1,3.43,chembl,ZRUIMDMDIRQCKV-UHFFFAOYSA-N
87172,C8H13N7,secondary,Cn1cnc(CNCc2ncn(C)n2)n1,3,base,pKAH1,3.83,chembl,ZBHBXUCMXXJVLF-UHFFFAOYSA-N
8264,C12H18N4O4,tertiary,C[C@H]([C@H](C)N1CC(=O)NC(=O)C1)N1CC(=O)NC(=O)C1,4,base,pKAH1,3.48,chembl,OBYGAPWKTPDTAS-OCAPTIKFSA-N
13652,C10H13N7O4,secondary,COC(=O)c1ncn(CNCn2cnc(C(=O)OC)n2)n1,13,base,pKAH1,3.11,chembl,UXXVOYXYFKBCKS-UHFFFAOYSA-N
99220,C10H12N4O4,tertiary,O=C1CN2C[C@@H]3C(=O)NC(=O)CN3C[C@@H]2C(=O)N1,3,base,pKAH1,2.88,chembl,RAINMJGOXSBWFS-PHDIDXHHSA-N
16255,C12H18N4O4,tertiary,CC(C(C)N1CC(=O)NC(=O)C1)N1CC(=O)NC(=O)C1,4,base,pKAH1,3.48,chembl,OBYGAPWKTPDTAS-UHFFFAOYSA-N
78481,C7H12N2O4,secondary,N#C[C@H]1N[C@H](CO)[C@@H](O)[C@H](O)[C@H]1O,3,base,pKAH1,3.65,chembl,WPLCPOIAQLRTDR-XUUWZHRGSA-N
106848,C11H19N7,tertiary,CC(C)N(Cc1ncn(C)n1)Cc1ncn(C)n1,13,base,pKAH1,3.07,chembl,ZXSBONAUMAKAHB-UHFFFAOYSA-N
69385,C10H12N4O4,tertiary,O=C1CN2CCN3CC(=O)NC(=O)[C@H]3C2C(=O)N1,3,base,pKAH1,2.89,chembl,CLECXPZAFASKTB-GVHYBUMESA-N
126943,C11H16N4O4,tertiary,C[C@@H](CN1CC(=O)NC(=O)C1)N1CC(=O)NC(=O)C1,3,base,pKAH1,3.2,chembl,BMKDZUISNHGIBY-ZETCQYMHSA-N
74262,C10H17NO4,secondary,COC(=O)[C@@H]1C[C@@H](C(=O)OC(C)(C)C)N1,14,base,pKAH1,3.01,chembl,MAMZFFGKFREQMO-BQBZGAKWSA-N
29321,C11H16N4O5,tertiary,O=C1CN(CC(O)CN2CC(=O)NC(=O)C2)CC(=O)N1,3,base,pKAH1,3.63,chembl,BETVCQDWZIIMTJ-UHFFFAOYSA-N
43698,C8H14N2O4,secondary,CC1NC(C#N)(CO)C(O)C(O)C1O,2,base,pKAH1,3.75,chembl,FLLQOHSETIWKRT-UHFFFAOYSA-N
61325,C10H12N4O4,tertiary,O=C1CN2CCN3CC(=O)NC(=O)[C@@H]3C2C(=O)N1,3,base,pKAH1,2.89,chembl,CLECXPZAFASKTB-JAMMHHFISA-N
109467,C11H12N2O3,tertiary,O=C1CN(Cc2ccccc2)CC(=O)N1O,14,base,pKAH1,3.01,chembl,REVOIXBUQBFJHP-UHFFFAOYSA-N
71890,C10H12N4O4,tertiary,O=C1CN2C[C@H]3C(=O)NC(=O)CN3C[C@@H]2C(=O)N1,3,base,pKAH1,2.88,chembl,RAINMJGOXSBWFS-OLQVQODUSA-N
23804,C10H14N4O4,tertiary,O=C1CN(CCN2CC(=O)NC(=O)C2)CC(=O)N1,3,base,pKAH1,2.91,chembl,GBLIGNUYGOFIKS-UHFFFAOYSA-N
1517,C8H12N2O2,tertiary,O=C1CN2CCCC[C@H]2C(=O)N1,3,base,pKAH1,4.47,chembl,FAHMPBBZKRHWJJ-LURJTMIESA-N
4695,C3H6N2O2,secondary,O=C1CNCN1O,5,base,pKAH1,4.38,chembl,PAQPVNMFUTZAOU-UHFFFAOYSA-N
88753,C12H19N3O4,secondary,O=C(CN1C(=O)CNC2(CCCCCC2)C1=O)NO,17,base,pKAH1,4.57,chembl,DHEIZMHUPFVQAV-UHFFFAOYSA-N
60451,C12H20N4O5,tertiary,O=[N+]([O-])C1=C2N(CC3COCO3)CCN2CN(CCO)C1,16,base,pKAH1,3.97,chembl,DUJGRQMABDZIQU-UHFFFAOYSA-N
28088,C12H11NO2,tertiary,O=c1c(CN2CC2)coc2ccccc12,4,base,pKAH1,4.45,chembl,NCNMELLWDDHGLN-UHFFFAOYSA-N
108665,C6H9N5,primary,CN1C=NC(N)c2[nH]cnc21,9,base,pKAH1,4.39,chembl,ICMSBKUUXMDWAQ-UHFFFAOYSA-N
62794,C13H16N2O2,secondary,CC(C)[C@@H]1N[C@H](c2ccccc2)C(=O)NC1=O,4,base,pKAH1,3.85,chembl,MQWZJLHIZPZXEF-WDEREUQCSA-N
98147,C11H12N2O3,tertiary,O=C1NC(=O)[C@@H]2CCCN2[C@H]1c1ccco1,9,base,pKAH1,4.45,chembl,ISBKFDONRSMRAR-CBAPKCEASA-N
28082,C6H10N2O3,secondary,N#C[C@H]1NC[C@@H](O)[C@H](O)[C@H]1O,3,base,pKAH1,4.1,chembl,KOTKTRIZKDUYEA-ZXXMMSQZSA-N
75554,C10H11N3O3,tertiary,CN(CC#N)Cc1cc([N+](=O)[O-])ccc1O,1,base,pKAH1,4.56,chembl,CNKUJAYHZWZABM-UHFFFAOYSA-N
62615,C11H17N3O3,secondary,O=C1CCCN1CCCN1C(=O)CNCC1=O,13,base,pKAH1,4.29,chembl,PFOVYUUUCNZYBY-UHFFFAOYSA-N
118980,C10H14N4O2,tertiary,O=C(NCN1CCOCC1)c1cnccn1,12,base,pKAH1,4.0,chembl,GVTLAVKAVSKBKK-UHFFFAOYSA-N
31600,C7H8N2O4,secondary,O=C(O)C1Cc2c(O)noc2CN1,12,base,pKAH1,4.78,chembl,QOFAMUTZWHXYLI-UHFFFAOYSA-N
4089,C12H13NO3,tertiary,O=C1CCN(Cc2ccc3c(c2)OCO3)C1,4,base,pKAH1,4.71,chembl,XRACFKIUODUWIC-UHFFFAOYSA-N
107380,C10H19NO2,tertiary,CC(=O)OC(C)N1CCCCC1C,6,base,pKAH1,4.38,chembl,BDAJYXDJJHOYSE-UHFFFAOYSA-N
32007,C13H21N3O3,tertiary,CC(C)(C)c1cc(NC(=O)CN2CCOCC2)no1,11,base,pKAH1,4.37,chembl,PVXWJHYFCIBBMS-UHFFFAOYSA-N
14940,C12H20N4O4,tertiary,CCN1CC([N+](=O)[O-])=C2N(CC3COCO3)CCN2C1,2,base,pKAH1,4.37,chembl,SYJATOUADRWTOU-UHFFFAOYSA-N
9630,C11H16N4O4,secondary,CC(CN1C(=O)CNCC1=O)N1C(=O)CNCC1=O,15,base,pKAH1,4.59,chembl,OHTAHPUATLWIOP-UHFFFAOYSA-N
78808,C10H14N8O,tertiary,Nc1nc(N)c2nc(CN3CCOCC3)nnc2n1,2,base,pKAH1,4.53,chembl,KPNCDSYHEKUMBS-UHFFFAOYSA-N
4489,C10H15N3O3,tertiary,Cc1cc(NC(=O)CN2CCOCC2)no1,8,base,pKAH1,4.38,chembl,YZQJRRXKLFSWRT-UHFFFAOYSA-N
85858,C13H24N4O2,tertiary,CCCCC(O)Cn1cc(CN2CCOCC2)nn1,17,base,pKAH1,4.75,chembl,GUWGUBPSKZWYMC-UHFFFAOYSA-N
35042,C12H22N2O4,secondary,CCOC(=O)C1CN(C(=O)OC(C)(C)C)CCN1,17,base,pKAH1,4.0,chembl,IQKOVLZJPVVLOZ-UHFFFAOYSA-N
89561,C5H10N2O2,secondary,CC1NC(C)N(O)C1=O,5,base,pKAH1,4.59,chembl,QDJQWQGOZBIENE-UHFFFAOYSA-N
103733,C9H16N6O3,secondary,CN1C=NC([N+](=O)[O-])C1NCCN1CCNC1=O,3,base,pKAH1,4.55,chembl,HIZHKFQJELPKLM-UHFFFAOYSA-N
49860,C13H21N3O4,secondary,O=C(CN1C(=O)CNC2(CCCCCCC2)C1=O)NO,18,base,pKAH1,4.57,chembl,GMWJBGRUJTZWIX-UHFFFAOYSA-N
110355,C9H9N3O3,secondary,N#CCNCc1cc([N+](=O)[O-])ccc1O,3,base,pKAH1,4.83,chembl,UJXSJZZHSUFNFM-UHFFFAOYSA-N
29965,C13H15NO3,tertiary,O=C(CN1CCOCC1)C(=O)c1ccccc1,3,base,pKAH1,3.99,chembl,GIRQLGMFXQFIED-UHFFFAOYSA-N
116531,C11H12N2O3,tertiary,O=C1NC(=O)[C@@H]2CCCN2[C@H]1c1ccoc1,9,base,pKAH1,4.39,chembl,UYKYBOUWWBCWCM-IUCAKERBSA-N
51384,C9H17NO5,tertiary,COC(=O)CN1C[C@@H](CO)O[C@H](OC)C1,5,base,pKAH1,4.27,chembl,GOCRLYDCEWUGCT-CBAPKCEASA-N
15388,C13H17N3O,tertiary,COc1ccccc1N1CCN(CC#N)CC1,11,base,pKAH1,3.9,chembl,CMNAMTJQXKKSGP-UHFFFAOYSA-N
56197,C13H14N2O2,secondary,COC(=O)[C@@H]1C[C@H](C#N)[C@H](c2ccccc2)N1,16,base,pKAH1,4.24,chembl,XJYOFMULFRBUDM-WOPDTQHZSA-N
63662,C11H16N4O4,secondary,O=C1CNCC(=O)N1CCCN1C(=O)CNCC1=O,15,base,pKAH1,4.59,chembl,WRCQIEUAHHKKLN-UHFFFAOYSA-N
50258,C12H15N3,tertiary,N#CCN1CCN(c2ccccc2)CC1,3,base,pKAH1,4.32,chembl,ONNCTSYEIOXVCV-UHFFFAOYSA-N
49854,C11H18N4O4,tertiary,CN1CC([N+](=O)[O-])=C2N(CC3COCO3)CCN2C1,1,base,pKAH1,4.12,chembl,PQWNLQNEMZWMHP-UHFFFAOYSA-N
85183,C13H18N4O,tertiary,CC12CN(CC#N)CC(C)(CN(CC#N)C1)C2=O,11,base,pKAH1,4.82,chembl,ZOYVCEXSZKWFFE-UHFFFAOYSA-N
25104,C12H15NO2,tertiary,O=C(CN1CCOCC1)c1ccccc1,3,base,pKAH1,4.81,chembl,PXOGBEAGHDNDDM-UHFFFAOYSA-N
62019,C8H12N2O2,tertiary,O=C1CN2CCCC[C@@H]2C(=O)N1,3,base,pKAH1,4.47,chembl,FAHMPBBZKRHWJJ-ZCFIWIBFSA-N
107812,C10H11N3O2,secondary,O=C1CNCC(=O)N1Cc1ccccn1,14,base,pKAH1,4.51,chembl,JQRCBSWUPFRODX-UHFFFAOYSA-N
109988,C9H10N2O3,secondary,O=C1CNCC(=O)N1Cc1ccco1,3,base,pKAH1,4.28,chembl,OTMVNXOSDOGGHY-UHFFFAOYSA-N
64488,C10H19NO6,tertiary,O=C(CN1CCOCC1)[C@@H](O)[C@H](O)[C@H](O)CO,3,base,pKAH1,4.42,chembl,JPANQHVKLYKLEB-OPRDCNLKSA-N
53664,C13H15N3O,tertiary,N#CCN1CCN(c2cccccc2=O)CC1,3,base,pKAH1,3.94,chembl,OISWXILJSGCCIG-UHFFFAOYSA-N
88494,C4H8N2O2,secondary,CC1NCC(=O)N1O,6,base,pKAH1,4.49,chembl,KLVPTGDBRLOERX-UHFFFAOYSA-N
2498,C13H14N2O2,secondary,COC(=O)[C@@H]1C[C@@H](C#N)[C@H](c2ccccc2)N1,16,base,pKAH1,4.24,chembl,XJYOFMULFRBUDM-SRVKXCTJSA-N
41635,C12H19NO3,tertiary,CC1(C)OCC2(CO1)C(=O)C1CCN2CC1,13,base,pKAH1,4.78,chembl,MMWLAMGMZATNGN-UHFFFAOYSA-N
3566,C12H14N4O2,tertiary,N#Cc1ccc(NC(=O)CN2CCOCC2)cn1,10,base,pKAH1,4.79,chembl,PWOYDDGGFCOZOG-UHFFFAOYSA-N
91602,C8H13N5O,secondary,CC1CN(C)C2=NC(N)=NC(=O)C2N1,13,base,pKAH1,4.54,chembl,LGFJIGWZXJOMTQ-UHFFFAOYSA-N
68185,C13H22N4O4,tertiary,CCCN1CC([N+](=O)[O-])=C2N(CC3COCO3)CCN2C1,3,base,pKAH1,4.67,chembl,RIMUZZPFGSPKIL-UHFFFAOYSA-N
62852,C12H11NO3,tertiary,CN1COc2ccc3ccc(=O)oc3c2C1,1,base,pKAH1,4.53,chembl,QIAXYRFZXNHSJH-UHFFFAOYSA-N
49356,C10H19NO5,tertiary,COC(=O)C(C)N1C[C@@H](CO)O[C@H](OC)C1,6,base,pKAH1,4.57,chembl,RASLFQNSAZAQOM-NPPUSCPJSA-N
99104,C4H8N2O3,secondary,O=C1C(CO)NCN1O,7,base,pKAH1,4.58,chembl,SNPBDHTVOXAUPF-UHFFFAOYSA-N
16048,C12H14N4O2,tertiary,N#Cc1ccc(NC(=O)CN2CCOCC2)nc1,10,base,pKAH1,4.73,chembl,IXSSBPCPSHYLRE-UHFFFAOYSA-N
47940,C10H14N4O4,secondary,O=C1CNCC(=O)N1CCN1C(=O)CNCC1=O,3,base,pKAH1,4.59,chembl,YPSRHIPNYBHZGK-UHFFFAOYSA-N
33018,C10H16N2O2,secondary,O=C1CNCC(=O)N1C1CCCCC1,3,base,pKAH1,4.28,chembl,ZDBZEKGVSDVFBK-UHFFFAOYSA-N
119061,C11H16N4,secondary,CC1=CC(c2ccccc2)NC(NN)N1,12,base,pKAH1,4.56,chembl,YRZUEJBQVDVCOU-UHFFFAOYSA-N
38555,C13H21N3O4,tertiary,CN1CC(=O)N(CC(=O)NO)C(=O)C12CCCCCC2,9,base,pKAH1,4.53,chembl,GJLBVSCJSHCGIY-UHFFFAOYSA-N
14561,C13H12N4O3,tertiary,CN(CC#N)Cc1cc([N+](=O)[O-])c2cccnc2c1O,16,base,pKAH1,4.76,chembl,DYZSFVHDXAZQPT-UHFFFAOYSA-N
78847,C11H11N3O3,secondary,N#CC1(NCc2cc([N+](=O)[O-])ccc2O)CC1,3,base,pKAH1,4.62,chembl,NOKAWLBDOFKKPS-UHFFFAOYSA-N
28398,C13H22N4O4,tertiary,CC(C)N1CC([N+](=O)[O-])=C2N(CC3COCO3)CCN2C1,3,base,pKAH1,4.63,chembl,DVKWXNOHDQSXGP-UHFFFAOYSA-N
51566,C13H14N2O2,tertiary,N#CC(c1ccc2c(c1)OCO2)N1CCCC1,12,base,pKAH1,4.73,chembl,AXNHBGUUQZQXLN-UHFFFAOYSA-N
99368,C8H14N2O3,secondary,CC(C)CNC(=O)[C@H]1N[C@H]1C(=O)O,8,base,pKAH1,4.53,chembl,KTULZKFCKGRPNH-NTSWFWBYSA-N
66196,C9H19NO3,tertiary,CC(C)(C)OOCN1CCOCC1,7,base,pKAH1,3.9,chembl,RKJIPPZMAIBNPC-UHFFFAOYSA-N
86201,C13H13N3O2,tertiary,O=C(O)c1[nH]nc2c1CN(Cc1ccccc1)C2,5,base,pKAH1,5.37,chembl,HBFGMHYTWYYGHC-UHFFFAOYSA-N
18930,C12H14N2O,secondary,O=C1NCNC12CCCc1ccccc12,4,base,pKAH1,5.23,chembl,FPMDCVXDJSKWCR-UHFFFAOYSA-N
4922,C11H13N3,tertiary,CN1[C@@H](C#N)CC[C@H]1c1cccnc1,1,base,pKAH1,4.9,chembl,DUKKSGGNSSFORH-MNOVXSKESA-N
115692,C12H18N2O3,tertiary,Cc1cc(=O)c(O)c(CN2CCOCC2)n1C,9,base,pKAH1,5.68,chembl,ZQRJSYFMQXRCIM-UHFFFAOYSA-N
81749,C11H16N4O3,tertiary,O=[N+]([O-])c1nccn1CC(O)CN1C2CCCC21,4,base,pKAH1,5.78,chembl,OIDNCWWLMVXHET-UHFFFAOYSA-N
78258,C12H17N3O5,tertiary,C[C@@H]1[C@H](C)N1CC(O)CNC(=O)c1ccc([N+](=O)[O-])o1,4,base,pKAH1,5.66,chembl,IADIVOKJOXWQEH-FIMLBJSESA-N
37514,C11H13N3,tertiary,CN1[C@H](C#N)CC[C@H]1c1cccnc1,1,base,pKAH1,4.9,chembl,DUKKSGGNSSFORH-QWRGUYRKSA-N
50288,C13H19N3O2,tertiary,CC(=O)NC(C(=O)NCc1ccccc1)N(C)C,15,base,pKAH1,5.19,chembl,ZCZMNZXYYPTYJM-UHFFFAOYSA-N
106376,C7H10N2O2,tertiary,O=C1CN2CCC[C@H]2C(=O)N1,3,base,pKAH1,5.54,chembl,XVAFYXHQHVPMHE-YFKPBYRVSA-N
22376,C5H9N3O2,secondary,C[C@H]1NCC(=O)NNC1=O,2,base,pKAH1,5.21,chembl,IDXYLWSVKOVBBS-GSVOUGTGSA-N
87727,C9H14N4O3,tertiary,CC1CN1CC(O)Cn1ccnc1[N+](=O)[O-],11,base,pKAH1,5.67,chembl,AFLZZBWHQVDQKY-UHFFFAOYSA-N
53420,C9H15NO4,secondary,CC(C)(C)OC(=O)[C@@H]1C[C@@H](C(=O)O)N1,13,base,pKAH1,5.55,chembl,JBMNFFALJSFZHH-WDSKDSINSA-N
765,C9H14N4O3,tertiary,C[C@@H]([C@H](O)Cn1ccnc1[N+](=O)[O-])N1CC1,8,base,pKAH1,5.79,chembl,MBFSEKWTSIQCCD-JGVFFNPUSA-N
88057,C11H14N2O,secondary,CC1(C)NC(=O)C(c2ccccc2)N1,13,base,pKAH1,5.18,chembl,NUHBQAZWRXRCNJ-UHFFFAOYSA-N
34141,C6H11N3O2,secondary,C[C@H]1N[C@H](C)C(=O)NNC1=O,2,base,pKAH1,5.31,chembl,PCDOLDGJAUQLBO-QWWZWVQMSA-N
126769,C4H6N2O2,primary,NCc1cc(O)no1,0,base,pKAH1,5.03,chembl,ZJQHPWUVQPJPQT-UHFFFAOYSA-N
64428,C13H17N5O2,tertiary,CC1CCN(Cn2nc(-c3cnccn3)oc2=O)CC1,14,base,pKAH1,5.5,chembl,AHPPSKLXWJVSSJ-UHFFFAOYSA-N
87166,C10H11N7O3,secondary,Cc1ncc([N+](=O)[O-])n1CCNCc1nonc1C#N,11,base,pKAH1,5.75,chembl,LFQVUNRXTOIVRM-UHFFFAOYSA-N
75277,C12H13N3O2,secondary,COC(=O)C1Cc2c([nH]c3ncccc23)CN1,10,base,pKAH1,5.21,chembl,CQWIRSGYZOTBEV-UHFFFAOYSA-N
49456,C9H14N4,tertiary,C#CCN(C)Cc1cn(CC)nn1,3,base,pKAH1,5.75,chembl,BTASFENPOIDFQG-UHFFFAOYSA-N
28333,C11H14N2O4,tertiary,O=C(O)CN(CC(=O)NO)Cc1ccccc1,4,base,pKAH1,5.65,chembl,XWJZAHYUVRXSCU-UHFFFAOYSA-N
45269,C13H14N2O2,secondary,COC(=O)[C@@H]1Cc2c([nH]c3ccccc23)CN1,16,base,pKAH1,5.22,chembl,QZGCHMZBGHVZFB-NSHDSACASA-N
80501,C13H14N2O2,tertiary,O=C1NC(=O)[C@@H](c2ccccc2)N2CCC[C@@H]12,12,base,pKAH1,5.35,chembl,HBBMDAQPPJMYRZ-WDEREUQCSA-N
35879,C11H12N2O2,tertiary,CN(C)CN1C(=O)C(=O)c2ccccc21,1,base,pKAH1,5.31,chembl,QQWDVUJPHMCDTH-UHFFFAOYSA-N
35021,C7H13NO3,tertiary,COC(=O)CN1CCOCC1,5,base,pKAH1,4.92,chembl,LTMOFXOWXXOMEZ-UHFFFAOYSA-N
37740,C13H16N4O,tertiary,COc1ccc(CN2CC2Cn2cncn2)cc1,13,base,pKAH1,4.89,chembl,OQGGQMGPBJBQMK-UHFFFAOYSA-N
65171,C11H13NO2,secondary,COC(=O)C1Cc2ccccc2CN1,13,base,pKAH1,5.24,chembl,YTNGWXICCHJHKA-UHFFFAOYSA-N
107917,C12H18N2O4,tertiary,Cn1c(CO)cc(=O)c(O)c1CN1CCOCC1,12,base,pKAH1,5.48,chembl,XYNWLGSPPWTMLT-UHFFFAOYSA-N
31368,C13H14N2O2,secondary,COC(=O)[C@H]1Cc2c([nH]c3ccccc23)CN1,16,base,pKAH1,5.22,chembl,QZGCHMZBGHVZFB-LLVKDONJSA-N
49820,C8H12N4O3,tertiary,O=[N+]([O-])c1nccn1CC(O)CN1CC1,4,base,pKAH1,5.55,chembl,OEWYWFJWBZNJJG-UHFFFAOYSA-N
98430,C11H16N4O5,tertiary,COC(=O)C1CCN1CC(O)Cn1ccnc1[N+](=O)[O-],7,base,pKAH1,5.79,chembl,PQSGIDJQMIZHCT-UHFFFAOYSA-N
98031,C12H20N2O3,tertiary,CC(C)C1CC(=O)N(CN2CCOCC2)C1=O,9,base,pKAH1,4.84,chembl,DRNCBBYYEDBSQE-UHFFFAOYSA-N
14902,C10H20N2O6,secondary,COC(=O)[C@H](CO)NCCN[C@@H](CO)C(=O)OC,10,base,pKAH1,5.56,chembl,LVZPKMSAJUEDDV-YUMQZZPRSA-N
39285,C13H16N2O2,tertiary,CN1CC[C@@]2(C)C3=CC(=O)C(=O)C=C3N(C)C12,1,base,pKAH1,5.76,chembl,HOQNKCYZDSDWJL-ABLWVSNPSA-N
80511,C10H16N4,tertiary,C#CCN(C)Cc1nnn(CC)c1C,3,base,pKAH1,5.82,chembl,QIVHTCQATRJWMU-UHFFFAOYSA-N
120459,C10H17NO4,tertiary,COC(=O)[C@@H]1CCC[C@@H](C(=O)OC)N1C,13,base,pKAH1,4.84,chembl,HXARLLLRNATPNR-YUMQZZPRSA-N
36422,C3H6N2O2,primary,NC1CNC(=O)O1,0,base,pKAH1,5.03,chembl,RFPDIKCSEDYLKW-UHFFFAOYSA-N
48242,C13H17N5O2,tertiary,CC1CCCN(Cn2nc(-c3cnccn3)oc2=O)C1,15,base,pKAH1,5.63,chembl,IHKYGZXMMJPKCE-UHFFFAOYSA-N
6484,C6H11N3O2,secondary,C[C@@H]1N[C@H](C)C(=O)NNC1=O,2,base,pKAH1,5.31,chembl,PCDOLDGJAUQLBO-ZXZARUISSA-N
61142,C13H19NO4,secondary,COC(=O)CNCC(O)COc1ccccc1C,5,base,pKAH1,5.76,chembl,FDYLVSPICUBIRR-UHFFFAOYSA-N
90733,C10H19NO6,tertiary,COC(=O)CN1C[C@@H](CO)O[C@H](OC)[C@H](O)C1,5,base,pKAH1,5.58,chembl,RBBWURZOJXPGQR-XKSSXDPKSA-N
47107,C10H17N3O2,tertiary,CC1=NN(C)C(=O)C(N2CCOCC2)C1,2,base,pKAH1,5.83,chembl,WXDBVRUCYCFCGU-UHFFFAOYSA-N
40315,C9H14N2O3,tertiary,O=C1CCC(=O)N1CN1CCOCC1,8,base,pKAH1,5.05,chembl,YQXGXEUSFRFHRR-UHFFFAOYSA-N
33328,C13H19NO5,tertiary,CC(=O)OCC1(COC(C)=O)C(=O)C2CCN1CC2,16,base,pKAH1,5.5,chembl,ATYBZGWNUVDWSU-UHFFFAOYSA-N
88388,C11H15N3O4,tertiary,CC(=O)N1CCN(Cc2ccc([N+](=O)[O-])o2)CC1,6,base,pKAH1,5.36,chembl,REGGOJUHUUGVQX-UHFFFAOYSA-N
40214,C12H14N2O,tertiary,N#CC(c1ccc(O)cc1)N1CCCC1,10,base,pKAH1,5.24,chembl,MKHDDQOWGNNSTD-UHFFFAOYSA-N
11128,C3H6N2O,secondary,O=C1CNCN1,3,base,pKAH1,5.21,chembl,GVONPBONFIJAHJ-UHFFFAOYSA-N
49773,C13H16N2O6,tertiary,O=C(CCN1CCOCC1)c1ccc(O)c(O)c1[N+](=O)[O-],4,base,pKAH1,5.44,chembl,DIXSJTHTKSTVSJ-UHFFFAOYSA-N
74869,C6H9NO6,tertiary,O=C(O)CN(CC(=O)O)CC(=O)O,4,base,pKAH1,5.58,chembl,MGFYIUFZLHCRTH-UHFFFAOYSA-N
126833,C6H8N2O2,secondary,Oc1noc2c1CCNC2,8,base,pKAH1,4.99,chembl,ZXRVKCBLGJOCEE-UHFFFAOYSA-N
36217,C8H15NO3,tertiary,CCOC(=O)CN1CCOCC1,6,base,pKAH1,4.86,chembl,SITMDWHJQROIPF-UHFFFAOYSA-N
34255,C9H15NO4,secondary,CC(C)(C)OC(=O)[C@H]1C[C@@H](C(=O)O)N1,13,base,pKAH1,5.55,chembl,JBMNFFALJSFZHH-NTSWFWBYSA-N
109077,C10H11N3O2,secondary,O=C1CNCC(=O)N1Cc1ccncc1,12,base,pKAH1,5.09,chembl,VXGJIZKXAJTWPA-UHFFFAOYSA-N
101941,C5H8N2O2,primary,Cc1c(O)noc1CN,8,base,pKAH1,4.99,chembl,YXXVUCJIQAMZSQ-UHFFFAOYSA-N
35863,C13H17NO4,secondary,COC(=O)C1Cc2cc(OC)c(OC)cc2CN1,17,base,pKAH1,5.02,chembl,XAVYTZMVMTXAEC-UHFFFAOYSA-N
73732,C9H15NO3,tertiary,O=C1C2CCN(CC2)C1(CO)CO,5,base,pKAH1,5.69,chembl,RFBVBRVVOPAAFS-UHFFFAOYSA-N
57439,C13H15NO3,tertiary,O=C1CCCN(Cc2ccc3c(c2)OCO3)C1,5,base,pKAH1,4.87,chembl,SYUYPNJMKZSFEE-UHFFFAOYSA-N
28408,C13H17N3O2,tertiary,NC(=O)CN1CCN(c2cccccc2=O)CC1,0,base,pKAH1,5.06,chembl,MMETYAQBNUYKBU-UHFFFAOYSA-N
35636,C12H19N3O2,tertiary,O=C1NC2(CCCCC2)C(=O)N1CCN1CC1,14,base,pKAH1,5.08,chembl,YXDMBBDFYLRLKK-UHFFFAOYSA-N
2642,C13H15NO3,tertiary,O=C1CCN(Cc2ccc3c(c2)OCO3)CC1,4,base,pKAH1,5.72,chembl,MLYUYDYHGYHXEC-UHFFFAOYSA-N
33908,C6H9NO4,secondary,COC(=O)[C@H]1C[C@@H](C(=O)O)N1,10,base,pKAH1,5.64,chembl,DRUUKULEYUWFNI-IUYQGCFVSA-N
46913,C13H16N2O4,tertiary,O=C(CN1CCOCC1)Nc1cccc(C(=O)O)c1,3,base,pKAH1,4.99,chembl,IWKYZVAJVHQZDJ-UHFFFAOYSA-N
13068,C13H13N3O3,secondary,C=C1C2=C(C(=O)C(C)=C(N)C2=O)N2C[C@@H]3N[C@@H]3[C@]12O,15,base,pKAH1,5.54,chembl,JROBRWRXSMPGKG-SQPCXJJOSA-N
92168,C9H12N2O4,tertiary,O=[N+]([O-])c1ccc(CN2CCOCC2)o1,8,base,pKAH1,5.14,chembl,IKBQLPBZEYFMHD-UHFFFAOYSA-N
10035,C9H21NO4,tertiary,CC(C)(C)OOCN(CCO)CCO,7,base,pKAH1,5.23,chembl,MEEPNAJSXAMWKR-UHFFFAOYSA-N
80594,C13H16N2O2,tertiary,CN1CC[C@@]2(C)C3=CC(=O)C(=O)C=C3N(C)[C@@H]12,1,base,pKAH1,5.76,chembl,HOQNKCYZDSDWJL-OLZOCXBDSA-N
106279,C12H15N5O2,tertiary,O=c1oc(-c2cnccn2)nn1CN1CCCCC1,9,base,pKAH1,5.32,chembl,JEDVTTMHIAAALO-UHFFFAOYSA-N
94089,C12H20N4,tertiary,C#CCN(C)Cc1nnn(C)c1CCCC,3,base,pKAH1,5.81,chembl,DRYNXHBGZJPBMX-UHFFFAOYSA-N
61394,C12H12N2O4,secondary,O=C(O)C(NCc1ccccc1)c1cc(O)no1,4,base,pKAH1,4.94,chembl,XIBLDTHMLXQDKN-UHFFFAOYSA-N
57441,C12H17N3O5,tertiary,CC1(C)CN1CC(O)CNC(=O)c1ccc([N+](=O)[O-])o1,4,base,pKAH1,5.67,chembl,LMLIIHWCSCTLRC-UHFFFAOYSA-N
83665,C12H14N2O3,secondary,COC(=O)C[C@@H]1NCc2ccccc2NC1=O,6,base,pKAH1,5.7,chembl,KIOMUHRQSRNYAV-JTQLQIEISA-N
52628,C13H14N2O2,tertiary,O=C1NC(=O)[C@@H]2CCCN2[C@H]1c1ccccc1,9,base,pKAH1,5.35,chembl,HBBMDAQPPJMYRZ-QWRGUYRKSA-N
84268,C10H16N4O3,tertiary,C[C@@H]1[C@H](C)N1CC(O)Cn1ccnc1[N+](=O)[O-],12,base,pKAH1,5.8,chembl,VKUQQJFQNDTATQ-XOIHQXTHSA-N
73693,C12H17N3O3,tertiary,O=C(NCCN1CCOCC1)c1cccnc1O,5,base,pKAH1,5.82,chembl,BZXHNKSSHVVGRU-UHFFFAOYSA-N
122520,C9H19NO7,tertiary,OCN(CO)[C@H]1C[C@](O)(CO)[C@@H](O)[C@H](O)[C@H]1O,2,base,pKAH1,5.25,chembl,FVQHFBXRTUONCK-PQFOHKHZSA-N
92565,C11H21N3,primary,CC(C)=CCC/C(C)=C/C=N/C(N)N,10,base,pKAH1,5.16,chembl,WAVHCFLKKMIHPX-XFUBVATKSA-N
49048,C13H16N4O2,tertiary,O=c1oc(-c2ccccn2)nn1CN1CCCCC1,9,base,pKAH1,5.43,chembl,WHIBGFNODCBRPF-UHFFFAOYSA-N
70222,C10H16N4,tertiary,N#CCCN1CCN(CCC#N)CC1,4,base,pKAH1,5.81,chembl,QXQYJEMSNUMUPO-UHFFFAOYSA-N
56410,C12H14N4O3,tertiary,O=C1c2nccnc2C(=O)N1CCN1CCOCC1,13,base,pKAH1,5.62,chembl,PNHVQSRPZBDDAT-UHFFFAOYSA-N
122766,C12H17N3O4,tertiary,CC(=O)CN1CCN(Cc2ccc([N+](=O)[O-])o2)CC1,4,base,pKAH1,5.69,chembl,NBLUYKCDSJNHKL-UHFFFAOYSA-N
69971,C4H8N2O2,secondary,CC1NCN(O)C1=O,4,base,pKAH1,5.17,chembl,VYOAJPJWGUBAGB-UHFFFAOYSA-N
85390,C12H18N4O2,primary,N#CC1=C2CCCN2C(O)(N2CCOCC2)C1N,7,base,pKAH1,5.29,chembl,DZNVGWGOMFZDSN-UHFFFAOYSA-N
38128,C4H5NO4,secondary,O=C(O)[C@H]1N[C@@H]1C(=O)O,4,base,pKAH1,5.65,chembl,IFCCPDAHQDGHMH-LWMBPPNESA-N
116007,C9H15N3O2,tertiary,CC1=NNC(=O)C(N2CCOCC2)C1,7,base,pKAH1,5.7,chembl,WOUFQVMOTVQGJH-UHFFFAOYSA-N
70862,C13H19NO4,secondary,CCOC(=O)CNCC(O)COc1ccccc1,6,base,pKAH1,5.75,chembl,XOYWQZKFQNOFDJ-UHFFFAOYSA-N
74304,C13H16N2O4,tertiary,O=C(CN1CCOCC1)Nc1ccc(C(=O)O)cc1,3,base,pKAH1,5.03,chembl,PIJNTHAFIUQZQA-UHFFFAOYSA-N
99642,C10H16N2O3,tertiary,CC1CC(=O)N(CN2CCOCC2)C1=O,7,base,pKAH1,5.03,chembl,IXTQPOJFGUHQNY-UHFFFAOYSA-N
45987,C6H11N3O2,secondary,C[C@@H]1N[C@@H](C)C(=O)NNC1=O,2,base,pKAH1,5.31,chembl,PCDOLDGJAUQLBO-IMJSIDKUSA-N
37183,C12H10N4O3,secondary,N#CCNCc1cc([N+](=O)[O-])c2cccnc2c1O,15,base,pKAH1,4.94,chembl,WCKCUTSAAUXUOC-UHFFFAOYSA-N
106627,C12H15NO4,secondary,COC(=O)C1NCCc2cc(O)c(OC)cc21,5,base,pKAH1,5.04,chembl,UDTIDFDJMPXOCO-UHFFFAOYSA-N
1066,C5H9N3O2,secondary,C[C@@H]1NCC(=O)NNC1=O,2,base,pKAH1,5.21,chembl,IDXYLWSVKOVBBS-VKHMYHEASA-N
59522,C11H17N3O3,tertiary,Cc1cc(C(=O)NCCN2CCOCC2)on1,9,base,pKAH1,5.58,chembl,QRNSIOOKFAKYGR-UHFFFAOYSA-N
34839,C10H14N2O2,tertiary,CC(=O)OC1(C#N)CN2CCC1CC2,8,base,pKAH1,5.71,chembl,SNQOLWZDRHCFQW-UHFFFAOYSA-N
2443,C12H15N3O3,tertiary,O=c1oc2cccnc2n1CCN1CCOCC1,12,base,pKAH1,5.83,chembl,FTNDZQVIQZUANZ-UHFFFAOYSA-N
35060,C4H8N2,tertiary,CN(C)CC#N,1,base,pKAH1,5.38,chembl,PLXBWEPPAAQASG-UHFFFAOYSA-N
96206,C11H16N4O4,tertiary,O=[N+]([O-])c1nccn1CC(O)CN1C2CCOCC21,4,base,pKAH1,4.96,chembl,DPMZLIVDHOHRLO-UHFFFAOYSA-N
108651,C12H14N4,tertiary,c1ccc(CN2CC2Cn2cncn2)cc1,5,base,pKAH1,5.27,chembl,HOOBTYYUKGEGNT-UHFFFAOYSA-N
85103,C13H17N5O2,tertiary,O=C1CCC(=O)N1CN1CCN(c2ncccn2)CC1,17,base,pKAH1,5.31,chembl,FJKWJWJZAHVDON-UHFFFAOYSA-N
95833,C10H17NO4,tertiary,COC(=O)[C@H]1CCC[C@@H](C(=O)OC)N1C,13,base,pKAH1,4.84,chembl,HXARLLLRNATPNR-OCAPTIKFSA-N
92016,C10H11N3O2,secondary,O=C1CNCC(=O)N1Cc1cccnc1,13,base,pKAH1,4.92,chembl,RASCQGNSAZZWSI-UHFFFAOYSA-N
120654,C11H16N4O6,tertiary,NC(=O)c1nonc1CN1CCCCC1.O=C(O)C(=O)O,9,base,pKAH1,6.46,chembl,AFWDJQQCKRLQDN-UHFFFAOYSA-N
34470,C12H17N3O2,tertiary,O=C(NCCN1CCOCC1)c1cccnc1,5,base,pKAH1,5.92,chembl,JTNDORAWCIEWNX-UHFFFAOYSA-N
5000,C5H11N5,primary,N#CC1CNC(N)NC1N,7,base,pKAH1,6.2,chembl,QMLSMSICNBXNLJ-UHFFFAOYSA-N
83623,C9H14N4O,secondary,CC1(C)NC(=O)[C@H](Cc2cnc[nH]2)N1,10,base,pKAH1,6.78,chembl,IOQHCLRGNWJDML-ZETCQYMHSA-N
6335,C13H18N2O2,tertiary,O=c1cccccc1N1CCN(CCO)CC1,8,base,pKAH1,6.44,chembl,YWXFARDTFRALFT-UHFFFAOYSA-N
107814,C12H19NO6,secondary,O[C@H]1[C@H](O)[C@@H](N[C@H]2C=C[C@@H](O)[C@@H](O)[C@@H]2O)C=C[C@H]1O,5,base,pKAH1,6.78,chembl,QOHFSVSHWJBXNC-JLFWRBHBSA-N
10006,C12H15N3O3,tertiary,O=c1oc2ncccc2n1CCN1CCOCC1,12,base,pKAH1,5.88,chembl,WMBKNLQADCJVTB-UHFFFAOYSA-N
101905,C11H15N3O4,tertiary,CON=C1CCN(Cc2ccc([N+](=O)[O-])o2)CC1,6,base,pKAH1,6.51,chembl,AUXYASBCVZHLFS-UHFFFAOYSA-N
70755,C13H18N4O3,primary,NC(C(=O)NO)C(=O)N1CCN(c2ccccc2)CC1,0,base,pKAH1,6.11,chembl,NCGZLMSPGWRKJT-UHFFFAOYSA-N
58047,C13H18N2O3,tertiary,Nc1ccc(C(=O)OCCN2CCOCC2)cc1,10,base,pKAH1,6.04,chembl,CQHHUPIRHGIDDU-UHFFFAOYSA-N
118805,C10H11NO,secondary,COc1ccc2c(c1)C1NC1C2,9,base,pKAH1,5.99,chembl,FONOZADNCLFSBX-UHFFFAOYSA-N
8233,C9H11NO2,primary,COC(=O)[C@@H](N)c1ccccc1,5,base,pKAH1,6.49,chembl,BHFLUDRTVIDDOR-QMMMGPOBSA-N
46255,C13H12N4O2,secondary,O=c1[nH]cnc2c(CNCc3ccco3)nccc12,8,base,pKAH1,6.45,chembl,KYFZKWSQWIPREE-UHFFFAOYSA-N
87501,C9H12N2O,tertiary,C#CCN(C)Cc1cc(C)no1,3,base,pKAH1,6.54,chembl,HWZCBHZSUCYLRD-UHFFFAOYSA-N
86875,C7H15NO3,tertiary,CO[C@@H]1CN(C)C[C@@H](CO)O1,4,base,pKAH1,6.57,chembl,RSLIAYZITFUQFO-BQBZGAKWSA-N
63570,C13H18N4O3,tertiary,COc1cc(Nc2nnc(CN(C)C)o2)cc(OC)c1,11,base,pKAH1,6.24,chembl,KXGZQTILKFLAOB-UHFFFAOYSA-N
65959,C13H21N3O6,secondary,C=C1CCOC2([C@@H](O)[C@@](C)(O)CO)NC(=O)[C@@]1(NC)NC2=O,17,base,pKAH1,6.67,chembl,ITUWNXUELNYQDE-UJOPVTFYSA-N
12679,C11H17N3O3,tertiary,Cc1cc(NC(=O)CCN2CCOCC2)no1,9,base,pKAH1,6.77,chembl,WECLUXXIQYWEKI-UHFFFAOYSA-N
123810,C10H15N5O2,primary,NC1N=CNc2c1ncn2[C@H]1CC[C@@H](CO)O1,4,base,pKAH1,6.13,chembl,UPVIAVHUWZEKAN-PMDVUHRTSA-N
92069,C9H15N5O4,secondary,NC(=O)c1[nH]nc(C2N[C@H](CO)[C@H](O)[C@@H]2O)c1N,5,base,pKAH1,6.48,chembl,OCJZNDIBMCCZDH-KTRJNWGBSA-N
52297,C11H15N3O3,primary,NC(C(=O)NO)C(=O)NCCc1ccccc1,0,base,pKAH1,6.11,chembl,MHNVTUSAHDUYCV-UHFFFAOYSA-N
80048,C10H13N3O3,primary,NC(C(=O)NO)C(=O)NCc1ccccc1,0,base,pKAH1,6.11,chembl,HVTWOBIOCPYSGH-UHFFFAOYSA-N
110425,C11H23NO2,tertiary,CC1CCN(COOC(C)(C)C)CC1,4,base,pKAH1,6.25,chembl,FULMLZAHYNIOSU-UHFFFAOYSA-N
88935,C11H21N3O4,primary,CC(C)C[C@H](CN(O)C=O)C(=O)NC(=O)[C@H](C)N,6,base,pKAH1,6.67,chembl,UZQQSSXSYSWTCT-DTWKUNHWSA-N
57786,C6H11N3O,tertiary,Cc1noc(CN(C)C)n1,6,base,pKAH1,6.3,chembl,IFHZEOLWCRBOGK-UHFFFAOYSA-N
7759,C9H10N2,primary,N#CC(N)Cc1ccccc1,3,base,pKAH1,6.26,chembl,AVXNAHRDJXOJHT-UHFFFAOYSA-N
66247,C7H13N3O5,primary,N[C@]12NC(=O)N[C@H]1[C@H](O)[C@@H](O)[C@H](O)[C@H]2O,0,base,pKAH1,6.64,chembl,QSJOCUZQHBBNGJ-NVKKRIHQSA-N
50880,C12H18N2O3,tertiary,Cc1c(O)c(=O)ccn1CCN1CCOCC1,11,base,pKAH1,6.45,chembl,XYYCYJNBZSTEPB-UHFFFAOYSA-N
51173,C9H17NO5,tertiary,CC1C(O)C(O)C(O)C(CO)N1CC=O,11,base,pKAH1,6.12,chembl,TVTBPJSCVHDHKU-UHFFFAOYSA-N
40656,C11H17N3O2,tertiary,O=C(NCCN1CCOCC1)c1ccc[nH]1,5,base,pKAH1,6.04,chembl,NFKFSJOBVZCTGQ-UHFFFAOYSA-N
105277,C10H12N2O,secondary,C[C@H]1NCc2ccccc2NC1=O,2,base,pKAH1,6.67,chembl,SBBGNRXYCGCZGA-SSDOTTSWSA-N
31272,C13H18N2O3,tertiary,O=C(NCCN1CCOCC1)c1ccc(O)cc1,5,base,pKAH1,6.04,chembl,SNBVZWGTRKSYQP-UHFFFAOYSA-N
56706,C6H11NO,tertiary,CN1CCCC(=O)C1,1,base,pKAH1,6.21,chembl,SIKTVUHUQZNEPY-UHFFFAOYSA-N
21953,C9H21NO2,tertiary,CCN(CC)COOC(C)(C)C,2,base,pKAH1,6.24,chembl,HOTXDCZANWSWCV-UHFFFAOYSA-N
6937,C9H15N3O2,tertiary,OC[C@H]1CN(Cc2ncc[nH]2)C[C@@H]1O,7,base,pKAH1,6.74,chembl,DOYQWOHVNFYPHV-SFYZADRCSA-N
58686,C12H15N3O3,primary,NC(C(=O)NO)C(=O)NC1Cc2ccccc2C1,0,base,pKAH1,6.11,chembl,PEGIJXNJAWRKDX-UHFFFAOYSA-N
76618,C13H22N6O7,primary,C[C@@H](O)[C@H](N)c1nnc([C@H](CCC(N)=O)NC(=O)N[C@@H](CO)C(=O)O)o1,4,base,pKAH1,6.74,chembl,SRNQPYBWRIETFQ-XKBZYTNZSA-N
56896,C11H18N8O4,primary,NNC(N)c1nn(C2O[C@H](CO)[C@@H](O)[C@H]2O)c2ncnc(N)c12,21,base,pKAH1,5.92,chembl,FCJJJKPBNJIVII-KCXPABHWSA-N
39896,C11H14N4O3,tertiary,CN1CCN(C(=O)c2nccnc2C(=O)O)CC1,1,base,pKAH1,6.58,chembl,NGZFQQFXYRLUJR-UHFFFAOYSA-N
65188,C10H14N2O4,primary,NC1C(=O)C=CN([C@H]2CC[C@@H](CO)O2)C1=O,0,base,pKAH1,6.04,chembl,YXRRTMXELBJWHI-DZESUTGNSA-N
45153,C12H22N2O3,tertiary,CCNC(=O)CC1C(=O)OC(C)(C)CN1CC,14,base,pKAH1,6.25,chembl,KDSQUINICUYYSZ-UHFFFAOYSA-N
100330,C9H16N2O6,secondary,O=C(O)C1CN2C(N1)[C@H](O)[C@@H](O)[C@H](O)[C@H]2CO,5,base,pKAH1,6.32,chembl,CLJMUGBMMVBGHE-FOCKFDDASA-N
64776,C10H18N4,tertiary,CN1CN2CCCN3CCCC(=N1)C32,3,base,pKAH1,6.11,chembl,VQYIJHJVYPQOST-UHFFFAOYSA-N
36038,C13H13NO2,primary,COC(=O)C(N)c1ccc2ccccc2c1,5,base,pKAH1,6.43,chembl,OWSZMZAENZHDLB-UHFFFAOYSA-N
54953,C11H15NO,secondary,CC1(C)NC1C(O)c1ccccc1,3,base,pKAH1,6.7,chembl,AFVPSAZLZDJJRJ-UHFFFAOYSA-N
54677,C13H23N3O2,tertiary,CC(C)(C)n1ccc(OCCN2CCOCC2)n1,11,base,pKAH1,6.25,chembl,LQVJTSGKMJUOLV-UHFFFAOYSA-N
66629,C12H17N3O3,primary,NC(C(=O)NO)C(=O)NCCCc1ccccc1,0,base,pKAH1,6.11,chembl,GMSLRTKCCWZHSH-UHFFFAOYSA-N
28835,C13H22N6O7,primary,CC(O)[C@H](N)c1nnc([C@H](CCC(N)=O)NC(=O)N[C@@H](CO)C(=O)O)o1,4,base,pKAH1,6.74,chembl,SRNQPYBWRIETFQ-IQJSGTJYSA-N
126487,C10H13N7O4,secondary,Cc1ncc([N+](=O)[O-])n1CCNCc1nonc1C(N)=O,11,base,pKAH1,6.55,chembl,WLNSXEWXCSVAPY-UHFFFAOYSA-N
35032,C7H13NO3,secondary,COC(=O)[C@@H]1C[C@H](O)CCN1,10,base,pKAH1,5.94,chembl,XYDFSCGFCFYWNY-RITPCOANSA-N
83179,C11H15N3O3,primary,Cc1ccccc1CNC(=O)C(N)C(=O)NO,12,base,pKAH1,6.11,chembl,OVUGDIXUGOZMJR-UHFFFAOYSA-N
53404,C12H18N6O,tertiary,CN1CCc2c(c(NCCO)nc3[nH]nc(N)c23)C1,16,base,pKAH1,5.99,chembl,SNXKKJVCTIBBDN-UHFFFAOYSA-N
57656,C8H12N2O2,tertiary,C[C@H]1C(=O)NC(=O)[C@@H]2CCCN12,11,base,pKAH1,5.84,chembl,SGPBTXDNVJVGER-WDSKDSINSA-N
38241,C13H15N3O2,secondary,CC(=O)N1C(=O)C2(NCC(C)N2)c2ccccc21,11,base,pKAH1,5.85,chembl,PDCMRGQONHSVDW-UHFFFAOYSA-N
41189,C13H24N2O3,tertiary,CCCNC(=O)CC1C(=O)OC(C)(C)CN1CC,15,base,pKAH1,6.25,chembl,DHCLDPGPQIWJDK-UHFFFAOYSA-N
45999,C8H15N5O,tertiary,CN1CCN(C)C(c2nc(N)no2)C1,1,base,pKAH1,6.74,chembl,IGQMROXAHLRRFS-UHFFFAOYSA-N
118649,C10H13NO5,secondary,O=C1OC2CC3(C(=O)O)CC1NC(C3)C2O,11,base,pKAH1,6.02,chembl,ZDDWVULVOBYEDE-UHFFFAOYSA-N
56308,C13H15N3O2,tertiary,CCN1CCc2ccc3nc(O)c(O)nc3c2C1,2,base,pKAH1,6.81,chembl,LTYPUAYPCJMPED-UHFFFAOYSA-N
17002,C9H9N,secondary,c1ccc2c(c1)CC1NC21,8,base,pKAH1,6.17,chembl,BNYPOPWTWLUFEG-UHFFFAOYSA-N
9803,C13H14N2O3,secondary,COC(=O)[C@H]1C[C@]2(CN1)C(=O)Nc1ccccc12,8,base,pKAH1,6.41,chembl,WBRZAMFFUKWSQR-ZWNOBZJWSA-N
34538,C9H11NO2,primary,COC(=O)C(N)c1ccccc1,5,base,pKAH1,6.49,chembl,BHFLUDRTVIDDOR-UHFFFAOYSA-N
93638,C9H17NO,tertiary,CC1CN1CC(O)CC1CC1,3,base,pKAH1,6.5,chembl,AOCXIPTYJYSCKJ-UHFFFAOYSA-N
107364,C9H19NO2,tertiary,CC(C)(C)OOCN1CCCC1,7,base,pKAH1,6.22,chembl,CNJTUGODXHERGS-UHFFFAOYSA-N
5180,C13H14N4O4,tertiary,CCN1CCc2c([N+](=O)[O-])cc3nc(O)c(O)nc3c2C1,2,base,pKAH1,5.97,chembl,DWEFIBGLGPTBOX-UHFFFAOYSA-N
57147,C13H17N3O2,tertiary,CC1Cn2c(O)nc3cccc(c32)CN1CCO,14,base,pKAH1,6.68,chembl,CYAOZECYIGUAMM-UHFFFAOYSA-N
11842,C11H16N6O,tertiary,Nc1n[nH]c(N2CCN(Cc3ccco3)CC2)n1,17,base,pKAH1,6.67,chembl,BJUVFLQIYDOCNY-UHFFFAOYSA-N
69941,C12H19N3O6,primary,C=C1CCOC2([C@@H](O)[C@@](C)(O)CO)NC(=O)[C@@]1(N)NC2=O,17,base,pKAH1,6.09,chembl,OFARQSNXORSFSF-QVOMMFOJSA-N
34906,C4H9NO3,primary,COC(=O)[C@@H](N)CO,5,base,pKAH1,6.82,chembl,ANSUDRATXSJBLY-VKHMYHEASA-N
37157,C8H16N2O3,tertiary,O=C(CO)N1CCN(CCO)CC1,7,base,pKAH1,6.74,chembl,MLGKBQAGZVEOFZ-UHFFFAOYSA-N
2403,C11H19N3O6,tertiary,CC1([N+](=O)[O-])CN(CCC(=O)O)CN(CCC(=O)O)C1,13,base,pKAH1,6.11,chembl,AIRYKEFKMDRQJJ-UHFFFAOYSA-N
29170,C11H16N6O2,secondary,COC(=O)CNCCCn1cnc2c(N)ncnc21,5,base,pKAH1,6.57,chembl,WHKFXHWNGFEEKH-UHFFFAOYSA-N
55352,C13H18N4O3,tertiary,O=[N+]([O-])c1nccn1CC(O)CN1C2C3CCC(C3)C21,12,base,pKAH1,6.24,chembl,RJNNQBPRUXIJEV-UHFFFAOYSA-N
63951,C10H14N2O2,tertiary,Oc1cccnc1CN1CCOCC1,8,base,pKAH1,6.55,chembl,PEWUSTTWOZGBLR-UHFFFAOYSA-N
99731,C10H11N3O2,primary,CN1C(=O)C(N)NC(=O)c2ccccc21,5,base,pKAH1,6.16,chembl,XSAZSGBNXVRZGK-UHFFFAOYSA-N
33260,C13H20N4O3,tertiary,CC1CCCC2C1N2CC(O)Cn1ccnc1[N+](=O)[O-],7,base,pKAH1,6.56,chembl,ONCXOYCOJOXWTN-UHFFFAOYSA-N
64722,C7H13NO2,secondary,COC(=O)C1CCCCN1,9,base,pKAH1,6.53,chembl,CXQTTWVBUDFUNO-UHFFFAOYSA-N
101894,C11H15NO4,secondary,OCC1(CO)COC(c2ccc(O)cc2)N1,15,base,pKAH1,6.74,chembl,AERFHTUXSQUGAM-UHFFFAOYSA-N
63523,C11H11N3O,primary,N#CCCC(N)c1nc2ccccc2o1,5,base,pKAH1,6.65,chembl,RLLBVDHYVYZTLN-UHFFFAOYSA-N
13153,C12H14N2,tertiary,CN1CCc2c([nH]c3ccccc23)C1,1,base,pKAH1,6.63,chembl,JOFKCNJIUXPJAC-UHFFFAOYSA-N
6045,C11H18N4O4,tertiary,Cc1ncc([N+](=O)[O-])n1CC(O)CN1CCOCC1,13,base,pKAH1,6.47,chembl,GAZGHCHCYRSPIV-UHFFFAOYSA-N
15029,C13H14N2O2,primary,NC(C(=O)NCc1ccccc1)c1ccco1,0,base,pKAH1,6.2,chembl,KKFNHTJZTJUEJN-UHFFFAOYSA-N
10969,C12H21NO6,primary,CCOC(=O)CC(N)(CC(=O)OCC)C(=O)OCC,7,base,pKAH1,5.86,chembl,OUTCCXFGNSXCFR-UHFFFAOYSA-N
19892,C11H16N8,tertiary,Nc1nc(N)c2nc(CN3CCCCC3)nnc2n1,9,base,pKAH1,6.7,chembl,KHTKOASOSWSGJF-UHFFFAOYSA-N
126172,C9H14N4O3,tertiary,O=[N+]([O-])c1cncn1CCN1CCOCC1,10,base,pKAH1,6.05,chembl,MDJFHRLTPRPZLY-UHFFFAOYSA-N
55786,C4H8N2O2,secondary,O=C1CCNCN1O,6,base,pKAH1,6.35,chembl,BTUSUPRZCRZVIY-UHFFFAOYSA-N
73665,C12H18N6O,tertiary,Cc1cc(NCCN2CCOCC2)c2nncn2n1,18,base,pKAH1,6.35,chembl,UWHYWQKATRWHNN-UHFFFAOYSA-N
27559,C12H18N2O4,tertiary,O=C1[C@H]2COC[C@H]2C(=O)N1CCN1CCOCC1,12,base,pKAH1,6.13,chembl,BIIZTVZRHVFZLO-AOOOYVTPSA-N
60307,C12H20N4O3,tertiary,CCC(CN1CCNC(=O)C1)N1CC(=O)NC(=O)C1,11,base,pKAH1,5.92,chembl,IHOKLIYBAGXFBC-UHFFFAOYSA-N
91653,C12H20N4O3,tertiary,COc1n[nH]cc1C(=O)N1CCN(CC(C)O)CC1,12,base,pKAH1,6.76,chembl,KNAMAMVCBBLFPA-UHFFFAOYSA-N
37193,C12H20N4O3,tertiary,CC(C(C)N1CC(=O)NC(=O)C1)N1CCNC(=O)C1,4,base,pKAH1,5.97,chembl,DARNFXCXELGQKU-UHFFFAOYSA-N
18637,C13H15NO2,tertiary,C#C[C@H]1c2cc(O)c(OC)cc2CCN1C,14,base,pKAH1,6.56,chembl,JQQBLCREULHWLC-NSHDSACASA-N
47449,C11H21NO6,tertiary,COC(=O)C(C)N1C[C@@H](CO)O[C@H](OC)[C@H](O)C1,6,base,pKAH1,5.86,chembl,UPHOEQABNBVLLL-GCLMCXFESA-N
64044,C8H13N3O4,primary,C[C@H](N)C(=O)N1C(=O)N(C)C[C@H]1C(=O)O,2,base,pKAH1,6.67,chembl,UGWQYRFICLHSNX-WHFBIAKZSA-N
37886,C13H14N2O2,secondary,O=C1C2CCC(N2)C(=O)N1Cc1ccccc1,6,base,pKAH1,6.3,chembl,NTNUTDMPEVEYBJ-UHFFFAOYSA-N
62582,C13H20N4O3,primary,CN(CCCNC(=O)C(N)C(=O)NO)c1ccccc1,9,base,pKAH1,6.2,chembl,JFXBNWLVOLGYFV-UHFFFAOYSA-N
10359,C12H15NO3,tertiary,c1cc2c(cc1CN1CCOCC1)OCO2,7,base,pKAH1,6.09,chembl,LMMHUMUYOHSTKY-UHFFFAOYSA-N
118400,C11H18N2O4,primary,CCOC(=O)C(N)Cc1c(OCC)noc1C,6,base,pKAH1,6.66,chembl,IZOAXVQAWZRCGX-UHFFFAOYSA-N
85293,C6H11N7O,primary,Nc1cnc(C(=O)NC(N)N)c(N)n1,0,base,pKAH1,6.42,chembl,KBQGFKKZNPZDKQ-UHFFFAOYSA-N
76579,C12H14N2O,secondary,O=C1NCCN[C@]12C[C@@H]2c1ccccc1,5,base,pKAH1,6.55,chembl,LVXPDEKXSOOWLC-PWSUYJOCSA-N
319,C13H17N7O2,tertiary,Nc1n[nH]c(N2CCN(Cc3ccccc3[N+](=O)[O-])CC2)n1,0,base,pKAH1,6.45,chembl,RVIGRNPOSDKUJO-UHFFFAOYSA-N
99624,C10H15N3O,tertiary,CCN1CCC=C(/C(C#N)=N/OC)C1,2,base,pKAH1,7.4,chembl,UXBZPJBFFQFAKH-ZRDIBKRKSA-N
50345,C10H17N5,tertiary,CCCn1nnc(C2=CCCN(C)C2)n1,11,base,pKAH1,7.43,chembl,ZUOJITGNHKHJJI-UHFFFAOYSA-N
35832,C5H10N2,tertiary,CN(C)CCC#N,1,base,pKAH1,6.92,chembl,MTPJEFOSTIKRSS-UHFFFAOYSA-N
111863,C12H18N4O4,tertiary,CN(Cc1c[nH]c2c(=O)[nH]cnc12)[C@H](CO)[C@H](O)CO,1,base,pKAH1,7.17,chembl,UTXNRTSNKAQMHC-RKDXNWHRSA-N
104445,C10H16N4,tertiary,C#CCN(C)CCc1cn(CC)nn1,3,base,pKAH1,7.73,chembl,QFBOZTOFWRKCSY-UHFFFAOYSA-N
26290,C9H14N4,tertiary,CN1CCC=C(c2cnn(C)n2)C1,1,base,pKAH1,7.58,chembl,BOOLVSGWJUFBES-UHFFFAOYSA-N
21718,C13H19N7,tertiary,Cc1cc(Nc2ccnc(N3CCN(C)CC3)n2)n[nH]1,13,base,pKAH1,7.25,chembl,JNQXFZGWOPSURE-UHFFFAOYSA-N
34635,C2H6N2O2,primary,NCC(=O)NO,0,base,pKAH1,7.68,chembl,VDBCTDQYMZSQFQ-UHFFFAOYSA-N
7715,C12H21N3O2,tertiary,CCCCNc1c(NCCN(C)C)c(=O)c1=O,10,base,pKAH1,7.41,chembl,WJRVPSWFZNKKCU-UHFFFAOYSA-N
115830,C7H13N3O2,secondary,NC(=O)[C@@H]1CCC[C@@H](C(N)=O)N1,11,base,pKAH1,7.42,chembl,LOVQGUOGVLKMQT-WHFBIAKZSA-N
62500,C13H16N4O,tertiary,CN1CCN(C(=O)c2cc3cccnc3[nH]2)CC1,1,base,pKAH1,6.83,chembl,MKMUUKGWFRDCJE-UHFFFAOYSA-N
6208,C13H18N4,tertiary,CN1CCN(c2nc3ccccc3n2C)CC1,1,base,pKAH1,7.65,chembl,KYHFKHHSWWARSJ-UHFFFAOYSA-N
21948,C10H18N6,tertiary,CNc1cc(N2CCN(C)CC2)nc(N)n1,15,base,pKAH1,7.63,chembl,ZZGIYIUKTWQYCW-UHFFFAOYSA-N
125957,C12H16N4O3,tertiary,[3H]C(O)[C@H]1CN(Cc2c[nH]c3c(=O)[nH]cnc23)C[C@@H]1O,5,base,pKAH1,7.47,chembl,AFNHHLILYQEHKK-HJLUAEJWSA-N
63188,C9H19NO2,primary,CC(C)[C@H](N)C(=O)OC(C)(C)C,4,base,pKAH1,7.48,chembl,RJBVJBGFJIHJSZ-ZETCQYMHSA-N
57727,C8H18N2O2,tertiary,OCCN1CCN(CCO)CC1,3,base,pKAH1,7.76,chembl,VARKIGWTYBUWNT-UHFFFAOYSA-N
3462,C12H18N2O,tertiary,CC1CCC(=O)N1CC#CCN1CCC1,11,base,pKAH1,7.25,chembl,RMHKTTNQONQQRB-UHFFFAOYSA-N
48347,C12H14N2O2,tertiary,O=C1Nc2ccccc2CN2C[C@@H](O)C[C@@H]12,10,base,pKAH1,7.67,chembl,GZOSPHLJCQKNFU-ONGXEEELSA-N
87764,C11H15N3O,tertiary,COc1nccnc1C1=CCCN(C)C1,12,base,pKAH1,7.32,chembl,YWJMWMMNEQFTQG-UHFFFAOYSA-N
98845,C12H18N2O4,secondary,CCNC(=O)c1cc(C2NCC(O)C2O)oc1C,9,base,pKAH1,7.68,chembl,GCYDGJRKTRAQRC-UHFFFAOYSA-N
116370,C10H21N3O,tertiary,CCN(CC)C(=O)N1CCN(C)CC1,10,base,pKAH1,6.9,chembl,RCKMWOKWVGPNJF-UHFFFAOYSA-N
10396,C6H8N2O4,primary,NC(Cc1conc1O)C(=O)O,0,base,pKAH1,7.56,chembl,ZKLGQYGPVBFAQQ-UHFFFAOYSA-N
82228,C10H9N3O3,primary,N#Cc1ccc(NC(=O)C(N)C(=O)O)cc1,10,base,pKAH1,7.54,chembl,JPAFGBXQFZOCQZ-UHFFFAOYSA-N
34990,C11H15NO2,tertiary,COc1cc2c(cc1O)CN(C)CC2,10,base,pKAH1,7.39,chembl,FELOSQQXIHRUSH-UHFFFAOYSA-N
80139,C10H13N3O3,primary,NCC(=O)NNC(=O)OCc1ccccc1,0,base,pKAH1,7.69,chembl,KGIOXEWPWAEXJJ-UHFFFAOYSA-N
2756,C13H19NO2,tertiary,CCCN1CCOC(c2ccc(O)cc2)C1,3,base,pKAH1,7.41,chembl,IZHCCKWRFAIIPH-UHFFFAOYSA-N
23126,C12H18N4O4,tertiary,CN(CCN(C)C1CC(=O)NC1=O)C1CC(=O)NC1=O,1,base,pKAH1,6.93,chembl,RNDOWHNKDORXAG-UHFFFAOYSA-N
51641,C11H17N5O,tertiary,N=C(NCCN1CCOCC1)c1cnccn1,5,base,pKAH1,7.06,chembl,QXXXJFXGKSISRD-UHFFFAOYSA-N
123845,C10H14N6O3,secondary,Cc1nonc1CNCCn1c([N+](=O)[O-])cnc1C,7,base,pKAH1,6.86,chembl,FRTKPVDPKGCCNE-UHFFFAOYSA-N
6307,C13H16N2O,secondary,Cc1cccc2c1C(=O)N1CCNC[C@H]1C2,12,base,pKAH1,7.61,chembl,MAFYWOPXNIVLKX-LLVKDONJSA-N
65450,C12H21N5,tertiary,CCCCCn1nnc(C2=CCCN(C)C2)n1,13,base,pKAH1,7.43,chembl,KXPXMBDYMQHOPI-UHFFFAOYSA-N
9335,C9H14N4O4,primary,Nc1ccn([C@@H]2O[C@H](CO)[C@@H](O)[C@@H]2N)c(=O)n1,13,base,pKAH1,7.34,chembl,FECRKKQKJNKYNF-PXBUCIJWSA-N
68000,C12H18N4O3,tertiary,O=c1[nH]cnc2c(CN(CCO)CCCO)c[nH]c12,8,base,pKAH1,7.58,chembl,BOASYGQRDPROHE-UHFFFAOYSA-N
15068,C12H16N2O,tertiary,C#C/C(C)=C\CO/N=C1\CN2CCC1C2,10,base,pKAH1,7.14,chembl,GUIAADODPXLDMB-FCHMPZTMSA-N
98389,C11H19N3O2,tertiary,CC1CC(=O)N(CN2CCN(C)CC2)C1=O,10,base,pKAH1,7.41,chembl,PGMWMVLCZHIRGS-UHFFFAOYSA-N
77428,C13H19NO2,tertiary,CCCN1CCO[C@@H](c2cccc(O)c2)C1,3,base,pKAH1,7.13,chembl,WYEGTIGJSHGEID-CYBMUJFWSA-N
33151,C7H13N5O3,primary,NC(=O)C[C@H](N)c1nc([C@@H](N)CO)no1,5,base,pKAH1,7.03,chembl,GBRIVGUQMYWVTC-IMJSIDKUSA-N
5061,C3H8N2O3,primary,NC(CO)C(=O)NO,0,base,pKAH1,7.43,chembl,LELJBJGDDGUFRP-UHFFFAOYSA-N
15582,C6H8N2O2,secondary,Oc1noc2c1CNCC2,7,base,pKAH1,7.58,chembl,SXXLKZCNJHJYFL-UHFFFAOYSA-N
117012,C11H14N2O4,primary,NC(CC1=CCCCc2c(O)noc21)C(=O)O,0,base,pKAH1,7.67,chembl,GXLUJVZFSFRNAN-UHFFFAOYSA-N
56003,C7H15NO5,secondary,OCC1NC(CO)[C@H](O)[C@@H](O)[C@@H]1O,3,base,pKAH1,7.6,chembl,CLVUFWXGNIFGNC-YGDHRDKVSA-N
3990,C13H18N2O,tertiary,CN1CCN(CC(=O)c2ccccc2)CC1,1,base,pKAH1,6.84,chembl,LJTXXCLPBZQLHW-UHFFFAOYSA-N
73051,C12H13N3,secondary,c1ccc(CNCc2ccccn2)nc1,5,base,pKAH1,6.95,chembl,KXZQYLBVMZGIKC-UHFFFAOYSA-N
71022,C7H15NO5,secondary,OC[C@@H]1N[C@@H](CO)[C@H](O)C(O)[C@H]1O,3,base,pKAH1,7.6,chembl,CLVUFWXGNIFGNC-BXKVDMCESA-N
14114,C11H15N3O5,tertiary,Cc1nc(C2=CCCN(C)C2)no1.O=C(O)C(=O)O,8,base,pKAH1,7.18,chembl,JBOZFHFWINQIRY-UHFFFAOYSA-N
122958,C12H17NO,tertiary,C[C@H]1[C@H](c2ccccc2)OCCN1C,12,base,pKAH1,7.28,chembl,MFOCDFTXLCYLKU-CMPLNLGQSA-N
28977,C11H15NO2,tertiary,COc1ccc2c(c1)[C@@H](O)CN(C)C2,11,base,pKAH1,7.49,chembl,JLHBDDQSPYGBFO-NSHDSACASA-N
11947,C9H15N5,tertiary,CN1CCN(c2ccnc(N)n2)CC1,1,base,pKAH1,7.65,chembl,XEKHYAPKOUIALX-UHFFFAOYSA-N
83790,C8H13N3O3,primary,CC(C)c1cnn(O)c1C(N)C(=O)O,10,base,pKAH1,7.38,chembl,UELRFOCHEGTRDT-UHFFFAOYSA-N
73175,C13H21N3O6,primary,CCC[C@H](NC(=O)[C@@H](N)CNC(=O)/C=C/C(=O)OC)C(=O)O,8,base,pKAH1,7.42,chembl,KQMMELKFURFKHE-MUNZNRDXSA-N
110674,C11H16N2O3,primary,Cc1cc(O)cc(C)c1C[C@H](N)C(=O)NO,11,base,pKAH1,7.61,chembl,QXYGYDNLIPZCFY-JTQLQIEISA-N
115223,C10H16N6O3,primary,CC(N)C(=O)OCC1CNc2nc(N)nc(O)c2N1,13,base,pKAH1,7.34,chembl,AECPLDIAUVDACN-UHFFFAOYSA-N
24849,C7H14N2O2,secondary,CCOC(=O)N1CCNCC1,8,base,pKAH1,7.81,chembl,LNOQURRKNJKKBU-UHFFFAOYSA-N
30731,C13H11N3O,primary,NCc1nc(-c2ccco2)c2ccccc2n1,0,base,pKAH1,7.51,chembl,SERTXORUCWKBJY-UHFFFAOYSA-N
44733,C12H14N2O2,tertiary,CN1CC2ON=C(c3ccc(O)cc3)C2C1,1,base,pKAH1,7.49,chembl,KFBAEGLCRCONKM-UHFFFAOYSA-N
55791,C10H16N2O4,primary,CC(C)(C)c1onc(O)c1C[C@H](N)C(=O)O,12,base,pKAH1,7.73,chembl,PIXJURSCCVBKRF-LURJTMIESA-N
12523,C7H15NO5,secondary,OC[C@H]1N[C@H](CO)[C@@H](O)[C@@H](O)[C@H]1O,3,base,pKAH1,7.6,chembl,CLVUFWXGNIFGNC-BNWJMWRWSA-N
77006,C12H17N3O6,tertiary,COCc1noc(C2=CCCN(C)C2)n1.O=C(O)C(=O)O,11,base,pKAH1,7.57,chembl,KQMDQYICQZFAQS-UHFFFAOYSA-N
73387,C12H20N6,tertiary,CC(C)=Cc1nc(N)nc(N2CCN(C)CC2)n1,13,base,pKAH1,7.22,chembl,SJYYBLLDALREIY-UHFFFAOYSA-N
6587,C11H16N4O4,secondary,O=c1[nH]cnc2c(CNC(CO)(CO)CO)c[nH]c12,8,base,pKAH1,7.35,chembl,UJESFEKRDYMZED-UHFFFAOYSA-N
26190,C12H16N2O2,tertiary,CC(=O)O[C@H]1C[C@@H](c2cccnc2)N(C)C1,13,base,pKAH1,7.36,chembl,UILXGIGHUIZXMK-RYUDHWBXSA-N
23243,C13H20N4O,tertiary,CCCN1CCO[C@@H]2Cc3nc(N)ncc3C[C@H]21,3,base,pKAH1,7.39,chembl,XXVHAKALTQFIFI-VXGBXAGGSA-N
84636,C12H17N7,tertiary,CN1CCN(c2cc(-c3cn[nH]c3)nc(N)n2)CC1,1,base,pKAH1,7.55,chembl,VFVAYAJYQHUFEX-UHFFFAOYSA-N
15938,C12H21N5,tertiary,CCCCNc1nc(N)nc2c1CN(C)CC2,13,base,pKAH1,6.93,chembl,WQXDGXIFONOSOZ-UHFFFAOYSA-N
26929,C8H17NO2,primary,CC[C@H](N)C(=O)OC(C)(C)C,3,base,pKAH1,7.41,chembl,UZHNWSLHLJLEAZ-LURJTMIESA-N
47825,C13H16N2O3,tertiary,COC(=O)C1=CC(O)CN(Cc2ccccn2)C1,9,base,pKAH1,6.84,chembl,TZUKBKZVHYDLPA-UHFFFAOYSA-N
5610,C13H22N6O,tertiary,CN1CCN(c2cc(N3CCOCC3)nc(N)n2)CC1,17,base,pKAH1,7.45,chembl,GSDRMHBYGSMULI-UHFFFAOYSA-N
102582,C12H21NO3,tertiary,CC(=O)OC1CCCCC1N1CCOCC1,10,base,pKAH1,7.25,chembl,JAKGGEPYIBFOKO-UHFFFAOYSA-N
58447,C12H18N2O2,primary,CCOCC(N)C(=O)NCc1ccccc1,5,base,pKAH1,7.74,chembl,QTVRDCQVKXVLMX-UHFFFAOYSA-N
62002,C13H18N2O4,primary,C[C@H](NC(=O)[C@@H](N)COCc1ccccc1)C(=O)O,6,base,pKAH1,7.74,chembl,HAPBSWYZBIDWOY-ONGXEEELSA-N
88776,C9H13N3O,tertiary,CO/N=C(\C#N)[C@H]1CN2CCC1C2,2,base,pKAH1,7.57,chembl,COFRKLYXCWVCKM-UHFGSYKHSA-N
71254,C13H16N4O2,tertiary,O=C1c2nccnc2C(=O)N1CCN1CCCCC1,13,base,pKAH1,7.78,chembl,KMWJBDUSNTWJQT-UHFFFAOYSA-N
69261,C7H13NO4,tertiary,O[C@@H]1[C@H](O)[C@H]2[C@@H](O)CN2C[C@H]1O,8,base,pKAH1,6.94,chembl,OTISSNYDSWSYDR-CXNFULCWSA-N
33774,C12H16N2O2,tertiary,O=C(c1ccco1)N1CCN2CCC1CC2,10,base,pKAH1,7.61,chembl,QAQZGYOOSFWULK-UHFFFAOYSA-N
75577,C11H12N2O2,tertiary,C#CCN(C)Cc1cccc([N+](=O)[O-])c1,3,base,pKAH1,7.21,chembl,MAOJREHWQKOLKO-UHFFFAOYSA-N
46471,C4H9N3,secondary,C1NC2CNC1N2,6,base,pKAH1,6.97,chembl,ADTOVHJRTOIPHI-UHFFFAOYSA-N
7760,C11H15NO3,primary,CCOC(=O)[C@@H](N)Cc1ccc(O)cc1,6,base,pKAH1,6.99,chembl,SBBWEQLNKVHYCX-JTQLQIEISA-N
72969,C13H17NO2,tertiary,C#CCN(C)Cc1ccc(OC)cc1OC,3,base,pKAH1,7.08,chembl,GFQODTQZWPFXFT-UHFFFAOYSA-N
21043,C11H14N4O2,tertiary,O=c1[nH]cnc2c(CN3CC(CO)C3)c[nH]c12,8,base,pKAH1,6.89,chembl,FADVRXOASKIWLY-UHFFFAOYSA-N
116501,C11H22N2O4,primary,CO[C@H](C)[C@H](N)C(=O)N[C@@H](CC(C)C)C(=O)O,5,base,pKAH1,7.81,chembl,HDHKAFUXYFOXQG-VGMNWLOBSA-N
28186,C10H15N3O,tertiary,Cc1nc(C2CN3CCC2CC3)no1,6,base,pKAH1,7.71,chembl,MIFVZIQXKGJTLI-UHFFFAOYSA-N
53314,C6H9N3O3,primary,Cc1cnn(O)c1[C@H](N)C(=O)O,8,base,pKAH1,7.41,chembl,XRDYJERHOMOCBP-BYPYZUCNSA-N
52269,C11H13NO2,secondary,O=C(O)[C@@H](Cc1ccccc1)[C@@H]1CN1,13,base,pKAH1,7.6,chembl,DYSKIYNLUZTAPM-UWVGGRQHSA-N
25613,C12H19N3O2,tertiary,CCCCOc1nonc1C1=CCCN(C)C1,14,base,pKAH1,6.91,chembl,XNFKAONAVGFTDA-UHFFFAOYSA-N
64817,C8H13N3O3,primary,CCCc1cnn(O)c1C(N)C(=O)O,10,base,pKAH1,7.39,chembl,SSPXLOGHCJIQFQ-UHFFFAOYSA-N
67942,C13H17N3O3,tertiary,CN1CCN(c2ccc(O)c3c2OCC(=O)N3)CC1,1,base,pKAH1,7.38,chembl,MZFAZCYLMYZDDU-UHFFFAOYSA-N
81049,C12H13N3O3,tertiary,CN1CC2ON=C(c3ccc([N+](=O)[O-])cc3)C2C1,1,base,pKAH1,7.22,chembl,PRWWOGQHZCSEBR-UHFFFAOYSA-N
74642,C12H13N3O4,primary,Cc1cccc(-c2onc(O)c2CC(N)C(=O)O)n1,14,base,pKAH1,7.37,chembl,CTTRPAKGWMSJEI-UHFFFAOYSA-N
8038,C11H23NO2,primary,CCCCCCCCC(N)C(=O)OC,9,base,pKAH1,7.4,chembl,MCUKSQZXVSZPAW-UHFFFAOYSA-N
65765,C11H14N2O,tertiary,Cc1cc(/C=C2/CN3CCC2C3)on1,7,base,pKAH1,7.32,chembl,LNIKTCCVSHMIFS-YHYXMXQVSA-N
43739,C13H17NO4,secondary,Oc1ccc(CNC2C=CC(O)C(O)C2O)cc1,6,base,pKAH1,7.56,chembl,KQZGMQWFCALWMZ-UHFFFAOYSA-N
94938,C10H15N3O6,primary,COC(=O)/C=C/C(=O)NC[C@@H](N)C(=O)NCC(=O)O,11,base,pKAH1,7.42,chembl,QXZIXAVMTMOACI-YRFDSLTASA-N
55325,C13H23N3O3,tertiary,O=C(CN1CCCC1=O)NCCCN1CCOCC1,13,base,pKAH1,7.0,chembl,UHNRQCLEIKOWCY-UHFFFAOYSA-N
86522,C13H22N6O,tertiary,CCCNNC(=O)c1cnc(N2CCN(C)CC2)nc1,14,base,pKAH1,7.15,chembl,BDJOGKDUEGBNPC-UHFFFAOYSA-N
28609,C11H14N2O4,secondary,C[C@@H](NCc1cccc(C(=O)O)c1)C(=O)NO,2,base,pKAH1,7.47,chembl,NYCYTEPMVYIQIM-SSDOTTSWSA-N
64932,C4H6N2O2,primary,N#CC[C@H](N)C(=O)O,4,base,pKAH1,7.23,chembl,BXRLWGXPSRYJDZ-VKHMYHEASA-N
85344,C13H14N2O,tertiary,CN1CCc2[nH]c3ccccc3c(=O)c2C1,1,base,pKAH1,7.46,chembl,QPWFNRDFTXBFCB-UHFFFAOYSA-N
6454,C12H18N2O2,tertiary,CCOc1oc(C2=CCCN(C)C2)nc1C,10,base,pKAH1,7.51,chembl,YKCHWWXGPFOIDE-UHFFFAOYSA-N
59655,C10H15NO3,tertiary,CC(=O)OC1CC2CC(=O)CC1N2C,12,base,pKAH1,7.42,chembl,KGAJUIASUVGIAG-UHFFFAOYSA-N
4201,C4H10N2O3,primary,CC(O)C(N)C(=O)NO,4,base,pKAH1,7.49,chembl,GDHYTCIGBOOCDX-UHFFFAOYSA-N
83173,C10H15N3O,secondary,C[C@H]1CO[C@@H](c2ccc(N)nc2)CN1,13,base,pKAH1,8.13,chembl,UXRVFSIWSWPXSI-IONNQARKSA-N
57177,C8H10N2,secondary,C#CCNCc1ccc[nH]1,3,base,pKAH1,8.1,chembl,KRAVBWUZLLIIPH-UHFFFAOYSA-N
13656,C11H23NO4,tertiary,CCCCCN1C[C@H](O)[C@@H](O)[C@H](O)[C@H]1CO,5,base,pKAH1,8.47,chembl,HCZQIIVHWYFIPW-LMLFDSFASA-N
16557,C12H17NO4,secondary,COc1cccc([C@@]2(CO)NC[C@H](O)[C@H]2O)c1,10,base,pKAH1,8.38,chembl,BPGFCZZNEXHQIZ-QJPTWQEYSA-N
2737,C7H14N2O2,primary,N[C@@H](CO)C(=O)N1CCCC1,0,base,pKAH1,7.84,chembl,FTQXPRXTLOMHLO-LURJTMIESA-N
71691,C11H18N2O,tertiary,CCCc1cc([C@H]2CCCN2C)on1,10,base,pKAH1,7.91,chembl,UBZWBZVKCYZDPE-SNVBAGLBSA-N
34682,C13H17NO3,tertiary,CN1CCC[C@H]1[C@H]1COc2c(O)cccc2O1,1,base,pKAH1,8.4,chembl,HEOLZYAUVLBZIB-JOYOIKCWSA-N
77439,C10H14N4,tertiary,Cc1nncc([C@H]2CN3CC[C@H]2C3)n1,8,base,pKAH1,8.78,chembl,OVEOYVODAWBPAY-IUCAKERBSA-N
4523,C13H14N2O,secondary,c1cc2c3c(c[nH]c3c1)C[C@H]1NCCO[C@H]21,11,base,pKAH1,8.34,chembl,VHGCBDMLWAGBAP-DGCLKSJQSA-N
110506,C10H15NO4,secondary,Cc1oc(C2NCC(O)C2O)cc1CO,5,base,pKAH1,8.1,chembl,XVJUIKJDTLWLBB-UHFFFAOYSA-N
99005,C8H18N4,secondary,C1CN(N2CCNCC2)CCN1,11,base,pKAH1,8.67,chembl,HSXGVUKUWYPECQ-UHFFFAOYSA-N
7600,C6H12N2O4,primary,C[C@@H](O)[C@H](NC(=O)CN)C(=O)O,8,base,pKAH1,8.14,chembl,OLIFSFOFKGKIRH-WUJLRWPWSA-N
20988,C9H11NO3,primary,NCC1OCc2cc(O)c(O)cc21,0,base,pKAH1,8.72,chembl,GGNUGQIIDYTDSW-UHFFFAOYSA-N
31459,C12H19NO2,secondary,CC[C@H](CO)NCc1ccccc1OC,5,base,pKAH1,8.54,chembl,CYMCBJLCVNROQG-LLVKDONJSA-N
71049,C11H13N3O,secondary,c1ccc2oc(N3CCNCC3)nc2c1,6,base,pKAH1,8.61,chembl,HLKHIJZYKGDCJM-UHFFFAOYSA-N
78982,C10H16N2O2,tertiary,Cc1cc([C@@H]2C[C@H](CO)CN2C)on1,10,base,pKAH1,7.89,chembl,AZBOTYZVVSPOGY-IUCAKERBSA-N
66542,C10H15NO,tertiary,CC(=O)/C=C1\CN2CCC1CC2,6,base,pKAH1,7.82,chembl,XVFBZAKFUWQJMY-UXBLZVDNSA-N
91082,C10H16N2O,tertiary,CC#CCON=C1CCN(C)CC1,9,base,pKAH1,8.36,chembl,ZQWBVNCSJFHHQR-UHFFFAOYSA-N
13890,C10H20N2O3,primary,CCC[C@H](NC(=O)[C@@H](N)CCC)C(=O)O,8,base,pKAH1,8.44,chembl,GXIUBDXQTKVCGU-YUMQZZPRSA-N
92151,C12H15N3O3,secondary,O=C1COc2c(N3CCNCC3)ccc(O)c2N1,9,base,pKAH1,8.77,chembl,DXAXPAZZEGLINI-UHFFFAOYSA-N
74625,C9H18N4O2,primary,NCC(=O)N1CCCN(C(=O)CN)CC1,12,base,pKAH1,8.43,chembl,BEKYRSXGOFLCKM-UHFFFAOYSA-N
62421,C8H15N3O4,primary,C[C@H](N)C(=O)N[C@@H](CCC(=O)O)C(N)=O,2,base,pKAH1,8.09,chembl,NKUHWWPUOXOIIR-WHFBIAKZSA-N
87202,C9H9N3O4,secondary,O=[N+]([O-])c1cc2c(c([N+](=O)[O-])c1)CCNC2,14,base,pKAH1,8.04,chembl,QDZDEPKKIQMMSC-UHFFFAOYSA-N
66927,C6H13NO3,secondary,OC[C@@H]1CNC[C@@H](O)[C@H]1O,4,base,pKAH1,8.8,chembl,QPYJXFZUIJOGNX-JKUQZMGJSA-N
43740,C13H19N3,tertiary,Cc1cnc(C)c(C2CN3CCC2CC3)n1,9,base,pKAH1,8.23,chembl,HUYPKLAJCAWRKF-UHFFFAOYSA-N
82336,C13H22N2O,tertiary,CC(=O)N1C=C([C@H]2CCCCN2C)CCC1,11,base,pKAH1,8.72,chembl,SWGUPFWFYUMIGH-CYBMUJFWSA-N
44202,C12H21N3O,tertiary,CN(C)C(=O)N(C)CC#CCN1CCCC1,11,base,pKAH1,8.18,chembl,ZQYSCKVTZKCRBP-UHFFFAOYSA-N
14408,C13H19N3O,tertiary,CC(C)Oc1cncc([C@@H]2CN3CCC2C3)n1,11,base,pKAH1,8.73,chembl,LIUQBUHYUYSEQF-RRKGBCIJSA-N
51027,C9H18N2O,primary,CCC(N)C(=O)N1CCCCC1,3,base,pKAH1,8.44,chembl,ZCICKIPNYNVXMI-UHFFFAOYSA-N
54291,C13H17N5O,tertiary,c1cnc(NC2=NC[C@@]3(CN4CCC3CC4)O2)cn1,6,base,pKAH1,8.49,chembl,YKSCVNZMDCSLTN-ZDUSSCGKSA-N
4290,C8H13N3O,primary,C[C@H](N)C(=O)N1CCC[C@H]1C#N,2,base,pKAH1,8.38,chembl,WOTYLOGRWSPPGZ-BQBZGAKWSA-N
100674,C11H20N2O,primary,C=C1CCN(C(=O)C(N)C(C)CC)C1,8,base,pKAH1,8.5,chembl,LNJJYZGZCHETKY-UHFFFAOYSA-N
73209,C13H18N2O,tertiary,CN(C)CC1CC(Cc2ccccc2)=NO1,1,base,pKAH1,8.13,chembl,VGILBAJNZGSHHK-UHFFFAOYSA-N
9893,C11H20N2O,primary,CC[C@H](C)[C@H](N)C(=O)N1CC=CCC1,5,base,pKAH1,8.5,chembl,JQIKQYOPMLBMRB-UWVGGRQHSA-N
75232,C13H20N2O,tertiary,C[C@@H]1CC(=O)N(CC#CCN2CCCC2)C1,10,base,pKAH1,8.18,chembl,VMGDLEOEFRXHLI-GFCCVEGCSA-N
126925,C10H14N2,tertiary,CN1CCC[C@H]1c1cccnc1,1,base,pKAH1,8.58,chembl,SNICXCGAKADSCV-JTQLQIEISA-N
31937,C8H13NO4,tertiary,CN1[C@H](C(=O)O)CCC[C@H]1C(=O)O,1,base,pKAH1,8.18,chembl,RNUBJWUYDSOLNB-WDSKDSINSA-N
60485,C11H14N2O2,tertiary,CN1CCCC1c1ccc(C(=O)O)nc1,1,base,pKAH1,8.49,chembl,ZLAXYPFUZRJJEU-UHFFFAOYSA-N
21576,C8H15N3O4,primary,C[C@H](NC(=O)[C@@H](N)CCC(N)=O)C(=O)O,6,base,pKAH1,8.23,chembl,FAQVCWVVIYYWRR-WHFBIAKZSA-N
41248,C3H5N5O2,primary,NC(C(=O)O)c1nnn[nH]1,0,base,pKAH1,7.98,chembl,UKBRUIZWQZHXFL-UHFFFAOYSA-N
117737,C11H21NO6,secondary,CCOC(=O)CC[C@@H]1N[C@@H]([C@H](O)CO)[C@H](O)[C@H]1O,8,base,pKAH1,8.65,chembl,DANNJLBSVHIXCT-MXDNDHKRSA-N
87661,C10H11NO4,secondary,O=C(O)C1NCCc2cc(O)c(O)cc21,4,base,pKAH1,8.5,chembl,QEUZCMGJVDEESV-UHFFFAOYSA-N
16166,C13H20N2O,primary,CCC(C)C(N)C(=O)NCc1ccccc1,5,base,pKAH1,8.51,chembl,QCNUBIUWWWTVLZ-UHFFFAOYSA-N
31500,C11H21N3O2,primary,CC(=O)NCC[C@H](N)C(=O)N1CCCCC1,7,base,pKAH1,7.99,chembl,BYROUKQPEFFCAK-JTQLQIEISA-N
74721,C10H16N2O,tertiary,CCc1cc([C@@H]2CCCN2C)on1,9,base,pKAH1,7.91,chembl,PPTOVEPVLPTJKI-VIFPVBQESA-N
66843,C12H15N,tertiary,[2H]C1([2H])C=C(c2ccccc2)CCN1C,13,base,pKAH1,8.54,chembl,PLRACCBDVIHHLZ-KNXIQCGSSA-N
82651,C10H15NO,tertiary,CC(=O)C1=CCC2CCC1N2C,10,base,pKAH1,8.45,chembl,KQIRSQYBYQBMIG-UHFFFAOYSA-N
25083,C9H15NO2,tertiary,COC(=O)C1CN2CCC1CC2,6,base,pKAH1,8.73,chembl,RSOWDTALVBLZPE-UHFFFAOYSA-N
110341,C9H17NO6,secondary,O=C(O)CC[C@H]1N[C@@H](CO)[C@H](O)[C@H](O)[C@H]1O,6,base,pKAH1,8.41,chembl,KFIDFNNAPIOXSG-JKBCRHRPSA-N
19981,C11H14N2O3,primary,NCC(=O)N[C@H](Cc1ccccc1)C(=O)O,0,base,pKAH1,8.14,chembl,JBCLFWXMTIKCCB-SECBINFHSA-N
4081,C7H12N2O5,primary,C[C@H](N)C(=O)N[C@@H](CC(=O)O)C(=O)O,2,base,pKAH1,8.39,chembl,XAEWTDMGFGHWFK-IMJSIDKUSA-N
82291,C11H23NO4,tertiary,CCCCN1C[C@@H](CO)O[C@H](OC)[C@H](O)C1,4,base,pKAH1,8.56,chembl,BHTAHSAPKMHDLY-AXFHLTTASA-N
76975,C12H19N,tertiary,CN1CC12C1CC3CC(C1)CC2C3,1,base,pKAH1,8.54,chembl,UDPMPUCFFSBXKS-UHFFFAOYSA-N
17939,C11H24N2O,primary,CCCCCCNC(=O)[C@@H](N)C(C)C,10,base,pKAH1,8.51,chembl,GSUNHOFNKRMYSM-JTQLQIEISA-N
83701,C9H13N3O,tertiary,CN1CCC(Oc2cncnc2)C1,1,base,pKAH1,8.12,chembl,DIHFLFNEOOHLIQ-UHFFFAOYSA-N
68120,C10H18N2O,tertiary,C/C(=N\O)C(C)CC#CCN(C)C,10,base,pKAH1,8.34,chembl,ZCLFTHXOWJVSSU-ZHACJKMWSA-N
44144,C10H14N2O,primary,NCC(=O)NCCc1ccccc1,0,base,pKAH1,8.14,chembl,AOTLMPMRTWNYBN-UHFFFAOYSA-N
23650,C11H16N2,tertiary,CN1CCN(c2ccccc2)CC1,1,base,pKAH1,7.95,chembl,WQDDXVGJRSTLED-UHFFFAOYSA-N
61515,C13H15N3O2,secondary,O=c1ccc2c(N3CCNCC3)ccc(O)c2[nH]1,9,base,pKAH1,8.78,chembl,DFNHNBPKUMLYOZ-UHFFFAOYSA-N
85656,C13H18N2O5,primary,N[C@@H](CC(=O)O)C(=O)N[C@@H](CO)Cc1ccc(O)cc1,0,base,pKAH1,8.48,chembl,BGSRDSPUJZPKRM-KOLCDFICSA-N
46853,C12H16N2O2,tertiary,CN1CCC[C@H]1[C@@H]1COc2ccncc2O1,1,base,pKAH1,8.21,chembl,DQTOYLBCZLYHDG-CABZTGNLSA-N
5532,C9H16N2O4,primary,C[C@@H](O)[C@H](N)C(=O)N1CCC[C@H]1C(=O)O,4,base,pKAH1,7.92,chembl,QOLYAJSZHIJCTO-VQVTYTSYSA-N
105600,C10H20N2O3,primary,CC[C@H](N)C(=O)N[C@@H](CC(C)C)C(=O)O,3,base,pKAH1,8.45,chembl,HZWLOEXZZWASBH-YUMQZZPRSA-N
57089,C10H14N2,tertiary,c1ccc(CN2CCCC2)nc1,5,base,pKAH1,8.55,chembl,XLXANWGTOZKKAZ-UHFFFAOYSA-N
89868,C10H14N6O3,primary,Nc1ncnc2c1ncn2[C@@H]1O[C@H](CO)[C@H](O)[C@@H]1N,18,base,pKAH1,8.35,chembl,CQKMBZHLOYVGHW-IBLRLFODSA-N
19102,C13H18N6,secondary,CCc1cnc2c(N3CC(NC)C3)nc(N)nc2c1,10,base,pKAH1,8.72,chembl,PREVTMRNRJIUDH-UHFFFAOYSA-N
101115,C10H18N2O5,primary,C[C@H](NC(=O)[C@@H](N)CCCCC(=O)O)C(=O)O,6,base,pKAH1,8.44,chembl,VGATZHFMKLENRX-BQBZGAKWSA-N
13263,C10H20N2O,primary,CC[C@@H](C)[C@H](N)C(=O)N1CCCC1,5,base,pKAH1,8.5,chembl,IMCMJLZQYAUSFW-BDAKNGLRSA-N
46814,C12H23NO8,secondary,C[C@@H]1O[C@@H](O[C@@H]2CN[C@H](CO)[C@@H](O)[C@@H]2O)[C@H](O)[C@H](O)[C@H]1O,7,base,pKAH1,7.99,chembl,BOJKLBLBZWNQBZ-MVIFXYBVSA-N
118712,C12H17NO3,tertiary,OC[C@H]1[C@@H](O)[C@@H](O)CN1Cc1ccccc1,8,base,pKAH1,8.21,chembl,SBDAWMSBMQBJRA-SDDRHHMPSA-N
121133,C12H19N3O,primary,N#C[C@@H]1CCCN1C(=O)C(N)C1CCCC1,10,base,pKAH1,8.49,chembl,FQLSDZRDGGRNBU-VUWPPUDQSA-N
43770,C8H16N2O4,secondary,CC(=O)NC[C@@H]1N[C@H](CO)[C@@H](O)[C@@H]1O,6,base,pKAH1,8.67,chembl,UQEQPFWCYJXMDK-LXGUWJNJSA-N
119005,C12H25NO4,tertiary,CCCCCCN1CC(O)C(O)C(O)C1CO,6,base,pKAH1,8.37,chembl,KRNOSIJCJVCXKU-UHFFFAOYSA-N
30603,C12H17NO2,tertiary,CCCN1Cc2ccc(O)cc2C(O)C1,3,base,pKAH1,8.04,chembl,FCRLCFFRLHCETM-UHFFFAOYSA-N
14354,C13H13NO3,tertiary,O=C1OC(=O)[C@@H]2CN(Cc3ccccc3)C[C@H]12,7,base,pKAH1,8.22,chembl,PMPSADXJSJCNFQ-PHIMTYICSA-N
63448,C13H20N2O2,tertiary,Cc1cc(=O)c(O)c(CN2CCCCC2)n1C,9,base,pKAH1,7.86,chembl,RLHTUBQCMAHXES-UHFFFAOYSA-N
9765,C9H15NO2,tertiary,CN1CCC2(CC1)CC(=O)CO2,1,base,pKAH1,8.25,chembl,FJHMPUXUXLWLQG-UHFFFAOYSA-N
25224,C11H13N3,primary,NCc1nccn1Cc1ccccc1,0,base,pKAH1,7.87,chembl,WAKASDKZDPCQPA-UHFFFAOYSA-N
82193,C12H15N3,tertiary,CN1C2CC=C(c3cncnc3)C1CC2,1,base,pKAH1,7.96,chembl,IEGZJSVYJFWLHN-UHFFFAOYSA-N
17839,C12H16N2O3,primary,C[C@H](N)C(=O)N[C@@H](Cc1ccccc1)C(=O)O,2,base,pKAH1,8.39,chembl,OMNVYXHOSHNURL-WPRPVWTQSA-N
74828,C7H15NO5,primary,N[C@@H]1C[C@](O)(CO)[C@@H](O)[C@H](O)[C@H]1O,0,base,pKAH1,8.51,chembl,VDLOJRUTNRJDJO-UOYQFSTFSA-N
8685,C9H13NO2,tertiary,COC(=O)C1=CC2CCN(C1)C2,9,base,pKAH1,8.08,chembl,ZZIYLVCIMJMLLL-UHFFFAOYSA-N
58142,C12H14N2,secondary,c1ccc(CNCc2ccc[nH]2)cc1,5,base,pKAH1,8.38,chembl,YOGRUDYQEJQNLR-UHFFFAOYSA-N
55456,C12H15N3O,secondary,CC1CN(c2nc3ccccc3o2)CCN1,15,base,pKAH1,8.7,chembl,FVBZBZHIBVATEE-UHFFFAOYSA-N
12634,C9H18N2O,primary,CC(C)[C@H](N)C(=O)N1CCCC1,4,base,pKAH1,8.51,chembl,IHBAVXVTGLANPI-QMMMGPOBSA-N
125693,C6H10N2O3,primary,C/C=C(\NC(=O)CN)C(=O)O,7,base,pKAH1,8.13,chembl,AOYGNVHCSFIGSA-RQOWECAXSA-N
37116,C13H18N2O3,secondary,CC(NC(C)(C)C)C(=O)c1cccc([N+](=O)[O-])c1,2,base,pKAH1,8.04,chembl,DDDMGCMKOCLAAT-UHFFFAOYSA-N
12028,C12H24N2O,primary,CC(C)[C@@H](N)C(=O)NCC1CCCCC1,4,base,pKAH1,8.51,chembl,VYYCUVGXZQDLCU-LLVKDONJSA-N
33795,C6H14N2O2,primary,CC(C)C[C@H](N)C(=O)NO,5,base,pKAH1,7.89,chembl,UJJHPFLWSVFLBE-YFKPBYRVSA-N
92003,C7H13N3O4,primary,NCC(=O)N[C@@H](CCC(N)=O)C(=O)O,0,base,pKAH1,8.14,chembl,PNMUAGGSDZXTHX-BYPYZUCNSA-N
59221,C13H20N2O,tertiary,CCCN1CCN(c2ccccc2O)CC1,3,base,pKAH1,8.1,chembl,CERLVSBDHAPEMZ-UHFFFAOYSA-N
46452,C13H17N,tertiary,C#CCN(C)Cc1ccc(C)cc1C,3,base,pKAH1,8.17,chembl,HQMCXIHINNMMFV-UHFFFAOYSA-N
2246,C9H13NO,tertiary,CN1CCC[C@H]1c1ccco1,1,base,pKAH1,8.59,chembl,KMVFIIBYOFOADI-QMMMGPOBSA-N
106837,C12H16N2O2,primary,C[C@@H]1CN(OCc2ccccc2)C(=O)[C@@H]1N,15,base,pKAH1,8.39,chembl,VYFOVLHKBFKYMU-MWLCHTKSSA-N
9652,C10H17NO,tertiary,CCCC(=O)C1=CCCN(C)C1,9,base,pKAH1,8.01,chembl,XBRAWZJCSJXARS-UHFFFAOYSA-N
74483,C8H13NO,tertiary,C#CCN1CCC(O)CC1,3,base,pKAH1,8.17,chembl,CEUZTHSDJADUSJ-UHFFFAOYSA-N
87481,C13H20N2O2,primary,CCNC(=O)[C@@H](N)Cc1c(C)cc(O)cc1C,6,base,pKAH1,8.05,chembl,IPSZXPJFPXMRRM-LBPRGKRZSA-N
64107,C10H15NO2,tertiary,COC(=O)C1=CCC2CCC1N2C,11,base,pKAH1,8.41,chembl,MPSNEAHFGOEKBI-UHFFFAOYSA-N
52387,C7H14N2O2,tertiary,CN(C)C[C@H]1CN(C)C(=O)O1,1,base,pKAH1,8.16,chembl,SXGAHCLWFLASQB-LURJTMIESA-N
90814,C9H16N2O2,primary,N[C@@H](CCO)C(=O)N1CC[C@@H]2C[C@@H]21,0,base,pKAH1,8.06,chembl,NDUCLGQIVSMFHM-CSMHCCOUSA-N
112298,C9H13NO,secondary,CC(=O)C1=CC[C@H]2CC[C@@H]1N2,10,base,pKAH1,9.78,chembl,DYSCFNKIZDWMSK-CBAPKCEASA-N
120035,C10H17N3,tertiary,CCN(C)CCc1cnccc1N,2,base,pKAH1,9.29,chembl,TULVRYOLTKEOHL-UHFFFAOYSA-N
34238,C6H11N3,primary,Cn1cncc1CCN,8,base,pKAH1,9.75,chembl,CPAGZVLINCPJEH-UHFFFAOYSA-N
107006,C12H17NO2,primary,CC1(C)c2cc(O)ccc2C[C@@H](O)[C@H]1N,14,base,pKAH1,9.15,chembl,QYFQNTJWRHLHDP-GHMZBOCLSA-N
52047,C12H17N5O2,primary,NC[C@H]1C[C@@H](n2cnc3c(N)nccc32)C(O)[C@H]1O,0,base,pKAH1,9.54,chembl,LFMZHWQIXHERRD-GIHWYQPASA-N
1503,C13H19NO2,primary,COc1cc(CCN)c(OC)c2c1CCC2,7,base,pKAH1,9.71,chembl,DUYSKWSFDDDWQI-UHFFFAOYSA-N
88058,C9H18N2O4,primary,C=CCO[C@H]1O[C@H](CN)C(O)[C@H](O)[C@H]1N,8,base,pKAH1,8.88,chembl,SDFQVLWUIKAGTA-ZLGBSYQWSA-N
29172,C13H21N5O2,tertiary,CCCn1c(=O)n(CCCN(C)C)c(=O)c2[nH]cnc21,10,base,pKAH1,9.31,chembl,GOQXFWWNEYBHBP-UHFFFAOYSA-N
29974,C13H28N2O2,primary,CCCCCCCCNC[C@@H]1OC[C@H](N)[C@@H]1O,8,base,pKAH1,9.74,chembl,LDPGLZBGBPDWIY-AVGNSLFASA-N
34313,C11H15N,tertiary,CN1CCCC1c1ccccc1,1,base,pKAH1,9.56,chembl,RUJFIXHHAWJMRM-UHFFFAOYSA-N
9912,C12H17NO2,primary,COc1cc(C2CC2N)c(OC)cc1C,8,base,pKAH1,9.55,chembl,HYVPPECPQRBJEQ-UHFFFAOYSA-N
62176,C8H12N2O,secondary,Cc1cc([C@H]2CCCN2)on1,8,base,pKAH1,9.06,chembl,PJMAXCRZQLWZFH-SSDOTTSWSA-N
120020,C7H17NO5,secondary,CNC[C@H](O)[C@@H](O)[C@H](O)[C@H](O)CO,1,base,pKAH1,9.11,chembl,MBBZMMPHUWSWHV-BDVNFPICSA-N
109546,C12H15N3O,secondary,N#C[C@@H]1C[C@@H]2C[C@@H]2N1C(=O)[C@@H]1C[C@@H]2C[C@@H]2N1,15,base,pKAH1,9.47,chembl,FDUIVWOCOGOPLM-XRZDUACRSA-N
121010,C12H17N5O3,secondary,Nc1ncnc2c(C[C@@H]3N[C@H](CO)[C@@H](O)[C@H]3O)c[nH]c12,9,base,pKAH1,9.3,chembl,QIGOFLTZTAXOMN-HLQDMEJYSA-N
66756,C12H16N2,secondary,C[C@@H]1CNC[C@@H]2Cc3ccccc3N21,3,base,pKAH1,9.2,chembl,NITMFLAGDPNBNV-KOLCDFICSA-N
28281,C10H22N2O2,tertiary,CCCNC(=O)OCCC(C)N(C)C,11,base,pKAH1,9.44,chembl,YOGAMLRQMJSVCJ-UHFFFAOYSA-N
109672,C12H18N4O,tertiary,CN(C)CCCNc1nc2ccc(N)cc2o1,1,base,pKAH1,9.4,chembl,VNPDYZHXLWDDCC-UHFFFAOYSA-N
14965,C7H10N2,primary,NCCc1cccnc1,0,base,pKAH1,9.7,chembl,NAHHNSMHYCLMON-UHFFFAOYSA-N
91841,C9H18N4O3,primary,CC(=O)N[C@@H](CCCN)C(=O)NCC(N)=O,8,base,pKAH1,9.6,chembl,WVIRILBAPZKFIO-ZETCQYMHSA-N
4160,C11H15NO,secondary,COc1cccc2c1CCNC2C,10,base,pKAH1,8.99,chembl,XXJBJACMXXZTEM-UHFFFAOYSA-N
64517,C10H16N2O2,tertiary,CN(C)CCc1cc(O)c(O)cc1N,1,base,pKAH1,9.07,chembl,CLAZTGPFTGGMMF-UHFFFAOYSA-N
55868,C12H17NO3,secondary,O[C@H]1[C@@H](O)CN[C@@H]1COCc1ccccc1,5,base,pKAH1,9.28,chembl,WODGQDSHUJSOMF-GRYCIOLGSA-N
75185,C10H16N4O4,secondary,NC(=O)CN1OC[C@H](NC(=O)C2CCCN2)C1=O,15,base,pKAH1,9.5,chembl,VEQDSAGWWPBHJR-MLWJPKLSSA-N
51763,C4H12N4O,primary,NCCCN/C(N)=N/O,0,base,pKAH1,9.28,chembl,HYBLXYGPQAIGPY-UHFFFAOYSA-N
7965,C9H17NO,tertiary,CN1CCC2CC1C[C@@H](O)C2,1,base,pKAH1,9.63,chembl,SAYAVQYFEUOMBG-HACHORDNSA-N
64849,C12H15N,secondary,c1ccc2c(c1)CCNC2C1CC1,8,base,pKAH1,9.33,chembl,KFPVVOFDTSXFCU-UHFFFAOYSA-N
28506,C8H13N,tertiary,C=CC1=CCN(C)CC1,5,base,pKAH1,9.16,chembl,HGWVHVYJNWEYTP-UHFFFAOYSA-N
8310,C11H15NO,tertiary,O[C@@H]1CCN(Cc2ccccc2)C1,4,base,pKAH1,8.95,chembl,YQMXOIAIYXXXEE-LLVKDONJSA-N
12662,C11H19N5,secondary,CNC1CN(c2cc(C(C)C)nc(N)n2)C1,1,base,pKAH1,8.82,chembl,KKCINUZBUGOVQM-UHFFFAOYSA-N
113124,C12H18N2,tertiary,C[C@H]1CCCN1CCc1cccnc1,5,base,pKAH1,9.52,chembl,WJLLZUXQRCOTAJ-NSHDSACASA-N
66001,C12H18N4,tertiary,CN1C2CCC1CN(c1cncnc1)CC2,1,base,pKAH1,9.04,chembl,LBTLHVWUTXXMNI-UHFFFAOYSA-N
6821,C12H17N3,secondary,Cc1ccnc2c1CC[C@@H]1CNCCN21,11,base,pKAH1,8.94,chembl,WCZLKBAQARPHLD-SNVBAGLBSA-N
2920,C11H15N3,secondary,c1cc2c(cn1)CC[C@@H]1CNCCN21,10,base,pKAH1,9.33,chembl,RHUYPYGEUQRZCB-SNVBAGLBSA-N
41228,C9H22N4,primary,NCCN1CCCN(CCN)CC1,3,base,pKAH1,9.71,chembl,SWMOAYOVEKTFLC-UHFFFAOYSA-N
50918,C12H15N3,secondary,CNCc1ccc(Cn2cccn2)cc1,1,base,pKAH1,9.39,chembl,BQLXMVISWVMAID-UHFFFAOYSA-N
5273,C10H16N2O2,secondary,CCCn1oc2c(c1=O)CCNCC2,11,base,pKAH1,9.62,chembl,WGBUQJHROJPRNM-UHFFFAOYSA-N
63454,C13H18N2O2,primary,CC(=O)Nc1ccc2c(c1)C(O)C(N)CCC2,13,base,pKAH1,9.41,chembl,FCXNVTCOBOKFRU-UHFFFAOYSA-N
111740,C6H13NO4,secondary,OCC(O)[C@H]1NC[C@H](O)[C@@H]1O,5,base,pKAH1,9.04,chembl,RVNSAAIWCWTCTJ-CEZCPVKQSA-N
87877,C9H15N3,primary,NCCc1c[nH]c(C2CCC2)n1,0,base,pKAH1,9.59,chembl,OCFQXGNXUNJAAI-UHFFFAOYSA-N
53845,C13H21N5,secondary,CN[C@@H]1CCN(c2nc(N)nc3c2CCCC3)C1,1,base,pKAH1,9.6,chembl,ZWSSEDGUWNMSRJ-SECBINFHSA-N
6837,C12H19NO3,primary,CCOc1c(OC)cc(CCN)cc1OC,11,base,pKAH1,9.77,chembl,RHOGRSKNWDNCDN-UHFFFAOYSA-N
16534,C9H14N4O3,primary,Nc1ccn([C@H]2C[C@H](N)[C@@H](CO)O2)c(=O)n1,8,base,pKAH1,8.88,chembl,LDQAHTVPOZCQNH-SHYZEUOFSA-N
40541,C8H11N3O,primary,NCCNC(=O)c1cccnc1,0,base,pKAH1,9.16,chembl,RTIXFTKDETURTM-UHFFFAOYSA-N
71863,C12H15N3,tertiary,CN(C)[C@H]1Cc2cccc3ncn(c23)C1,1,base,pKAH1,8.83,chembl,SHTKKIRPSYJFRO-JTQLQIEISA-N
27247,C12H15NO3,primary,COc1ccc(C2CC(CN)OC2=O)cc1,10,base,pKAH1,9.26,chembl,ZQPKBRYJALEZGX-UHFFFAOYSA-N
65040,C13H15NO2,secondary,c1c2c(cc3c1OCO3)C1NCCCC1C2,10,base,pKAH1,9.22,chembl,JFXHPCAKMLEPSV-UHFFFAOYSA-N
111481,C11H17N3O,tertiary,Cc1noc(C2CC3CCC2N(C)C3)n1,11,base,pKAH1,9.19,chembl,QKALTKQJJQNQFL-UHFFFAOYSA-N
9597,C12H20N2,primary,Cc1c(C)c(CN)c(C)c(C)c1CN,6,base,pKAH1,9.68,chembl,BQBSCHUAHABRME-UHFFFAOYSA-N
96873,C11H16N2O,secondary,O=C(C1CC=CC1)N1CC2CC(C1)N2,13,base,pKAH1,9.13,chembl,LFBLWBXTTPQJNY-UHFFFAOYSA-N
100141,C7H15NO,tertiary,CN(C)C[C@@H]1C[C@@H]1CO,1,base,pKAH1,9.56,chembl,BIHOJSBBHKEQAL-NKWVEPMBSA-N
6042,C9H15NO2,tertiary,CC(=O)O[C@H]1CN2CCC1CC2,6,base,pKAH1,9.17,chembl,WRJPSSPFHGNBMG-VIFPVBQESA-N
101466,C10H12N2O,secondary,Cc1cc(C2=CC3CCC2N3)on1,10,base,pKAH1,9.37,chembl,SLGZVZSKPWANIB-UHFFFAOYSA-N
59982,C5H11NO3,secondary,OC[C@@H]1NC[C@@H](O)[C@@H]1O,3,base,pKAH1,9.36,chembl,OQEBIHBLFRADNM-VPENINKCSA-N
89722,C11H23NO3,tertiary,COCCOCCOCC1CCCN1C,13,base,pKAH1,9.11,chembl,XGNZBAALEWHAJV-UHFFFAOYSA-N
12961,C12H16N2,tertiary,CN1CCC2CCc3ccncc3C21,1,base,pKAH1,8.9,chembl,ZZGFWRKTYORFQP-UHFFFAOYSA-N
16543,C10H13NO2,primary,Cc1ccc(OC(=O)CCN)cc1,10,base,pKAH1,9.29,chembl,MVMBHROGUUNWGE-UHFFFAOYSA-N
77413,C12H17N3O2,tertiary,CN(C)CCCOc1cc(-c2ccoc2)[nH]n1,1,base,pKAH1,9.26,chembl,FCXVQRRWLWMAFP-UHFFFAOYSA-N
38012,C10H13N,primary,CC(N)/C=C/c1ccccc1,2,base,pKAH1,9.71,chembl,QPVUUOXSCVQZQG-BQYQJAHWSA-N
125060,C12H16N4O3,tertiary,COc1nn(CCN(C)C)c2ccc([N+](=O)[O-])cc12,7,base,pKAH1,8.88,chembl,QIYRBCFMSYUGGJ-UHFFFAOYSA-N
121410,C12H13N3O,primary,NCCc1cn(C(=O)c2ccccc2)cn1,0,base,pKAH1,9.22,chembl,LGGPDUCDDGTTBT-UHFFFAOYSA-N
52686,C13H14N2O,secondary,Cc1noc2cc3c(cc12)C1CNCC3C1,12,base,pKAH1,9.7,chembl,KGPHVDWVHJLNAH-UHFFFAOYSA-N
114166,C6H14N2O3,primary,NC[C@@H]1N[C@H](CO)[C@H](O)[C@H]1O,3,base,pKAH1,9.19,chembl,NJOZFAFEQVQFJI-FSIIMWSLSA-N
11150,C10H14N2,secondary,Nc1ccc2c(c1)CNCCC2,8,base,pKAH1,9.58,chembl,DAEJBLXGXUDKSD-UHFFFAOYSA-N
123907,C10H17N3O,tertiary,C[C@H](CCOc1cnccn1)N(C)C,11,base,pKAH1,9.54,chembl,RQNVFRQAQKESBK-SECBINFHSA-N
7721,C13H16N2O,secondary,COc1ccc2c3c([nH]c2c1)C(C)NCC3,13,base,pKAH1,9.17,chembl,ZXLDQJLIBNPEFJ-UHFFFAOYSA-N
23605,C11H17NO,secondary,CNCCOc1cccc(C)c1C,1,base,pKAH1,9.53,chembl,SOEQZXDZSJNKIA-UHFFFAOYSA-N
121128,C8H13N7,primary,NCC(N)Cn1cnc2c(N)ncnc21,11,base,pKAH1,9.66,chembl,DOKBSHRTEOYKAK-UHFFFAOYSA-N
55380,C8H14N4O,primary,NCCC(=O)NCCc1c[nH]cn1,0,base,pKAH1,9.13,chembl,ANRUJJLGVODXIK-UHFFFAOYSA-N
40948,C11H15N5O4,secondary,OC[C@H]1N[C@@H](Cn2cnc3c(O)ncnc32)[C@H](O)[C@@H]1O,3,base,pKAH1,9.06,chembl,YDNPJEMLQRXALS-JWIUVKOKSA-N
23253,C13H20N2,secondary,CC(C)c1ccccc1N1CCNCC1,12,base,pKAH1,8.89,chembl,JQQVFOBGUYOMQP-UHFFFAOYSA-N
47914,C9H12N2,primary,NC1CCCc2ccncc21,0,base,pKAH1,9.22,chembl,BMARABOQKIKIRT-UHFFFAOYSA-N
1199,C13H21NO3,secondary,CC[C@H](NC(C)C)[C@H](O)c1ccc(O)c(O)c1,3,base,pKAH1,9.01,chembl,HUYWAWARQUIQLE-GXFFZTMASA-N
35176,C13H21NO2,secondary,Cc1cccc(C)c1OCCN[C@H](C)CO,11,base,pKAH1,9.11,chembl,SRNBWPJCLMSVQW-GFCCVEGCSA-N
81884,C7H15NO2,tertiary,CC(=O)OCCCN(C)C,7,base,pKAH1,9.46,chembl,QIOHHDBZBVJGCT-UHFFFAOYSA-N
45374,C11H16N2,secondary,c1ccc(CN2CCNCC2)cc1,5,base,pKAH1,9.26,chembl,IQXXEPZFOOTTBA-UHFFFAOYSA-N
78077,C9H14N4,tertiary,Cc1ncn(C23CCN(CC2)C3)n1,8,base,pKAH1,8.96,chembl,BVMUUGOTLNZAHH-UHFFFAOYSA-N
46482,C12H24N2O2,tertiary,CC(CCOC(=O)N1CCCCC1)N(C)C,13,base,pKAH1,9.44,chembl,BVDJUTIKRAZUNH-UHFFFAOYSA-N
44197,C8H12N2O3,secondary,OCc1cc(OC[C@@H]2CCN2)on1,10,base,pKAH1,9.61,chembl,RWITUAISEGLCND-LURJTMIESA-N
8134,C11H15N3O,tertiary,Cc1nc2c(CN(C)C)c(O)ccc2[nH]1,6,base,pKAH1,9.48,chembl,KOXFMYCKLMXBLJ-UHFFFAOYSA-N
52809,C12H16N2,tertiary,CCN(C)CCC#Cc1cccnc1,2,base,pKAH1,9.24,chembl,DGPGTYZUJIIMAU-UHFFFAOYSA-N
115867,C11H15N3,tertiary,CN(C)CCc1c[nH]c2ccncc12,1,base,pKAH1,9.57,chembl,QQRZEUWHGIIAAU-UHFFFAOYSA-N
82382,C11H15N3O,secondary,COc1cncc(N2C[C@H]3CN[C@H]3C2)c1,11,base,pKAH1,9.68,chembl,RBXPHLOPXMOBNI-KCJUWKMLSA-N
91522,C10H13NO3,primary,NCC1OCCc2cc(O)c(O)cc21,0,base,pKAH1,8.84,chembl,ICQJOAAZGCOTMT-UHFFFAOYSA-N
32894,C12H13NO3,secondary,CCNCc1c(O)ccc2ccc(=O)oc12,2,base,pKAH1,9.75,chembl,DEYBCBPIDXVMCP-UHFFFAOYSA-N
71012,C11H13N3O,secondary,CN[C@H]1Cc2cccc3nc(O)n(c23)C1,1,base,pKAH1,9.6,chembl,RKZSNTNMEFVBDT-QMMMGPOBSA-N
14680,C8H13N3O,primary,NC[C@H]1CC[C@@H](c2c[nH]cn2)O1,0,base,pKAH1,9.48,chembl,KWWHIDCVULQSFZ-SVRRBLITSA-N
14147,C13H27N3O7,primary,C[C@H](O)[C@H]1O[C@H](O[C@H]2[C@H](O)[C@@H](O)[C@H](N)C[C@@H]2N)[C@H](N)[C@@H](O)[C@@H]1O,16,base,pKAH1,9.15,chembl,WCWFAVKENOLGNG-ZDDMDELRSA-N
77049,C9H14N2O,secondary,O=C(C1CC1)N1CC2CC1CN2,11,base,pKAH1,9.66,chembl,NLJJDGMMYFQBFJ-UHFFFAOYSA-N
48164,C13H19N3O,secondary,C#C[C@H]1CC[C@@H](C#N)N1C(=O)CNC(C)(C)C,12,base,pKAH1,9.08,chembl,AYFKPVVQCFNFFY-QWRGUYRKSA-N
117111,C11H15NO2,primary,C[C@@H]1O[C@H](c2ccccc2)OC[C@H]1N,13,base,pKAH1,9.07,chembl,FJCXCMWNVJCQIE-JMJZKYOTSA-N
118466,C12H21N3,primary,Cn1cc(CCN)nc1C1CCCCC1,6,base,pKAH1,9.58,chembl,WWCRQQQYHZCMCQ-UHFFFAOYSA-N
19800,C12H19NO,secondary,Cc1ccc(C(O)CNC(C)C)cc1,8,base,pKAH1,9.63,chembl,PFKFCGHAGOLFNW-UHFFFAOYSA-N
13010,C12H17NO3,secondary,COc1ccc(C[C@@H]2NC[C@H](O)[C@H]2O)cc1,8,base,pKAH1,9.7,chembl,UMWAPBCLJQSOJX-SRVKXCTJSA-N
118315,C12H17NO2,primary,COc1ccc2c(c1)CCCC(N)C2O,12,base,pKAH1,9.45,chembl,NRISILHIRDWJME-UHFFFAOYSA-N
100880,C12H22N6,secondary,CN[C@@H]1CCN(c2cc(N)nc(NC(C)C)n2)C1,1,base,pKAH1,9.59,chembl,UWCHDBZRYBZKIZ-SECBINFHSA-N
84224,C5H11NO3,secondary,OC[C@H]1NC[C@@H](O)[C@@H]1O,3,base,pKAH1,9.36,chembl,OQEBIHBLFRADNM-UOWFLXDJSA-N
56190,C13H19N,primary,NCC1(c2ccccc2)CCCCC1,0,base,pKAH1,9.47,chembl,ULRBJKIRTCBMRW-UHFFFAOYSA-N
28537,C9H14N4,secondary,CCn1ncc(C2=CCCNC2)n1,10,base,pKAH1,8.95,chembl,VBJAUEDVWCIAPY-UHFFFAOYSA-N
12133,C13H21N,tertiary,CN(C)CCCCCc1ccccc1,1,base,pKAH1,9.79,chembl,ZVOAXSXONVJDLU-UHFFFAOYSA-N
29680,C5H13N,primary,CCC(C)CN,5,base,pKAH1,10.23,chembl,VJROPLWGFCORRM-UHFFFAOYSA-N
94762,C12H17NO,primary,COc1cccc2c1CC[C@@H](N)[C@H]2C,11,base,pKAH1,10.05,chembl,YGCAYFRHABTSHQ-GZMMTYOYSA-N
23350,C10H15N3,secondary,CNCc1cccc(NC(C)=N)c1,11,base,pKAH1,9.85,chembl,VQOMTZBTOWIOMK-UHFFFAOYSA-N
72828,C12H26N8O4,primary,NCCCCN(CC(N)=O)C(=O)[C@@H](N)CCC/N=C(\N)N[N+](=O)[O-],0,base,pKAH1,10.14,chembl,DYYAOLMVVYUKAH-VIFPVBQESA-N
72110,C11H15NO2,primary,Cc1c(CC(C)N)ccc2c1OCO2,6,base,pKAH1,10.03,chembl,WVACHJAKQMSYSU-UHFFFAOYSA-N
37269,C12H15N3,primary,NCCCc1ccc(-c2cn[nH]c2)cc1,0,base,pKAH1,10.05,chembl,WBJDPGJHTKQADN-UHFFFAOYSA-N
10950,C12H15N3O,primary,NCCCNc1cc(O)cc2cccnc12,0,base,pKAH1,9.92,chembl,GCIAKBWVJPFBIQ-UHFFFAOYSA-N
84864,C6H16N2,secondary,CCNCCNCC,2,base,pKAH1,9.93,chembl,CJKRXEBLWJVYJD-UHFFFAOYSA-N
85276,C10H15N,secondary,CN[C@H](C)Cc1ccccc1,1,base,pKAH1,10.21,chembl,MYWUZJCMWCOHBA-SECBINFHSA-N
59510,C10H15N,primary,NCCCCc1ccccc1,0,base,pKAH1,10.21,chembl,AGNFWIZBEATIAK-UHFFFAOYSA-N
78017,C9H21N3O,primary,CC(=O)NCCCNCCCCN,12,base,pKAH1,10.67,chembl,MQTAVJHICJWXBR-UHFFFAOYSA-N
36783,C12H20N2O,secondary,C[C@@H]1C[C@@H]1C(=O)N1CC2CNCC(C2)C1,10,base,pKAH1,10.26,chembl,KPHRNXIFUJLFNL-SFXRXQKFSA-N
73744,C12H21N,primary,NC1CC23CCCCC2(CCC3)C1,0,base,pKAH1,10.42,chembl,HQCTZCXQLGMXBM-UHFFFAOYSA-N
35005,C11H17NO2,primary,COc1ccc(CC(C)N)cc1OC,9,base,pKAH1,10.02,chembl,KAZPHAGSWZTKDW-UHFFFAOYSA-N
53742,C13H17N3O,secondary,COc1ccc2[nH]c(C3CCNCC3)nc2c1,11,base,pKAH1,10.04,chembl,BOXYYPUGLOCCOE-UHFFFAOYSA-N
71906,C13H25NO,primary,C[C@H](CN)[C@H]1CC[C@H]2[C@@H](O)CCC[C@]12C,3,base,pKAH1,10.22,chembl,SYUSUOXATAJHIW-NAWOPXAZSA-N
8611,C12H25N,secondary,CNCCCCCC1CCCCC1,1,base,pKAH1,10.54,chembl,RDJMGJUJVXZGHY-UHFFFAOYSA-N
72675,C11H22N4O,primary,C#CCNC(=O)CN(CCCN)CCCN,11,base,pKAH1,10.17,chembl,UYRZEJWEVBEREK-UHFFFAOYSA-N
62883,C13H18N2,primary,CCC[C@H](N)Cc1c[nH]c2ccccc12,4,base,pKAH1,9.98,chembl,OXTXKBQUVJLMPO-NSHDSACASA-N
3910,C7H15NO,primary,CC(=O)CCCCCN,8,base,pKAH1,10.01,chembl,JHYBLGGRROSXDF-UHFFFAOYSA-N
72220,C12H15NO,primary,NC12CCC(C1)c1cc(O)ccc1C2,0,base,pKAH1,10.64,chembl,DFSSMHNALDJDLI-UHFFFAOYSA-N
25899,C12H16N2O,primary,COc1ccc2c(C[C@@H](C)N)c[nH]c2c1,10,base,pKAH1,9.96,chembl,CMYKARMYSPCRCF-MRVPVSSYSA-N
41710,C12H23N3,primary,NCCCCCCCCCc1c[nH]cn1,0,base,pKAH1,10.21,chembl,GVDNUYAKHMLSKZ-UHFFFAOYSA-N
58825,C10H24N2,tertiary,CN(C)CCCCCCN(C)C,1,base,pKAH1,10.09,chembl,TXXWBTOATXBWDR-UHFFFAOYSA-N
9525,C13H19N,primary,Cc1cccc(C2(N)CCCCC2)c1,7,base,pKAH1,9.87,chembl,SEHNNARHUZEEDL-UHFFFAOYSA-N
6269,C12H18N2O,secondary,CN[C@@H](C)C/C=C/c1cncc(OC)c1,1,base,pKAH1,10.55,chembl,HXZJTUDXVFHWOB-RWCYGVJQSA-N
23501,C12H20N2,primary,Cc1cc(N(C)C)ccc1CC(C)N,13,base,pKAH1,10.1,chembl,HFQMYSHATTXRTC-UHFFFAOYSA-N
13861,C13H31N5O,primary,C[C@H](N)C(=O)NCCCNCCCCNCCCN,18,base,pKAH1,10.79,chembl,LRLUDTRUAPOFGI-LBPRGKRZSA-N
100408,C11H13NO,primary,N[C@@H]1CC2CC1c1cccc(O)c12,0,base,pKAH1,9.89,chembl,XJALCVYCPLFDSF-KPIFQKDSSA-N
40911,C5H11NO2,secondary,CC1NCC(O)C1O,2,base,pKAH1,9.95,chembl,MUXHUWTVFOHVKD-UHFFFAOYSA-N
9261,C8H15N3,secondary,CC(C)NCCc1c[nH]cn1,3,base,pKAH1,10.02,chembl,CJYIEMJRALMYLB-UHFFFAOYSA-N
35898,C9H20N2,secondary,CNCCN1CCC(C)CC1,4,base,pKAH1,9.97,chembl,OUCLILLLTYQVKW-UHFFFAOYSA-N
61599,C12H17NO2,primary,COc1cc(C)c(OC)c2c1CC(N)C2,13,base,pKAH1,9.82,chembl,LBSOVXNUJAVVNS-UHFFFAOYSA-N
4478,C13H26N2,secondary,C(CC1CCNCC1)CC1CCNCC1,5,base,pKAH1,10.66,chembl,OXEZLYIDQPBCBB-UHFFFAOYSA-N
83295,C9H22N6O3,primary,N=C(NCCC[C@H](N)C[C@H](O)CCN)N[N+](=O)[O-],13,base,pKAH1,10.06,chembl,MRKNVCRAAKPKPN-JGVFFNPUSA-N
42510,C10H26N4,primary,NCCCCNCCCNCCCN,13,base,pKAH1,10.76,chembl,DODDBCGMRAFLEB-UHFFFAOYSA-N
43825,C11H13NO,primary,N[C@@H]1CC2CC1c1ccc(O)cc12,0,base,pKAH1,9.82,chembl,RHHIEAUFZKDKCL-BPUQOXDZSA-N
53549,C13H23N5,secondary,CN[C@@H]1CCN(c2cc(N)nc(NC(C)C)c2)C1,1,base,pKAH1,10.67,chembl,SGPLDGDCOVIGGN-SNVBAGLBSA-N
73593,C13H26N10O,primary,N[C@@H]1C[C@H](N)CN(c2nc(NO)nc(N3C[C@H](N)C[C@H](N)C3)n2)C1,0,base,pKAH1,10.1,chembl,RJBNTUOCJBPHQB-YNFQOJQRSA-N
13064,C9H14N2,primary,CC(N)Cc1ccc(N)cc1,2,base,pKAH1,10.09,chembl,UXAZIFYAGDKABZ-UHFFFAOYSA-N
2388,C12H19NO2,primary,COc1cc(OC)c(CC(C)N)cc1C,11,base,pKAH1,9.97,chembl,NOEGLABJKXQKEG-UHFFFAOYSA-N
12428,C11H16N2O2,secondary,CCCNCCc1ccc([N+](=O)[O-])cc1,3,base,pKAH1,10.16,chembl,ODYUCBYYPNQUGB-UHFFFAOYSA-N
105993,C11H22N8O4,primary,NC(=O)C1CC(NC(=O)[C@@H](N)CCC/N=C(/N)N[N+](=O)[O-])CN1,14,base,pKAH1,10.22,chembl,IUFRDGFKAVLPFZ-WTIBDHCWSA-N
61828,C13H21N,secondary,CCCCCNCCc1ccccc1,5,base,pKAH1,10.35,chembl,QHFQOMTWWHDQPQ-UHFFFAOYSA-N
42968,C12H16N2,tertiary,c1ccc2c(c1)CN1CCC[C@@H]1CN2,7,base,pKAH1,10.22,chembl,QZLFCLRNSOXWFA-LLVKDONJSA-N
21964,C13H14N2,secondary,c1ccc2c3c([nH]c2c1)CC1CCC3N1,14,base,pKAH1,10.16,chembl,ZUBTZRPXJLZWKF-UHFFFAOYSA-N
37349,C13H27N,primary,CCCC1(N)CC(C)(C)CC(C)(C)C1,4,base,pKAH1,10.71,chembl,OMYKWZGACJRFAJ-UHFFFAOYSA-N
2198,C6H13N3O6,secondary,O=[N+]([O-])O.O=[N+]([O-])OCC1CCNCC1,12,base,pKAH1,10.35,chembl,PNNFLVSUYSXNOW-UHFFFAOYSA-N
20430,C9H19N2O,primary,CC1(C)CC(N)CC(C)(C)N1[O],5,base,pKAH1,10.04,chembl,XUXUHDYTLNCYQQ-UHFFFAOYSA-N
52745,C12H16N4O,secondary,Cc1cc(-c2cnn(C3CCNCC3)c2)on1,11,base,pKAH1,10.12,chembl,PITRDXBGXXUQET-UHFFFAOYSA-N
91753,C12H17N,secondary,CCCN[C@@H]1C[C@H]1c1ccccc1,3,base,pKAH1,9.98,chembl,ZPVPORQSKRMVEP-NWDGAFQWSA-N
80735,C12H17N,secondary,CNCCC1CCc2ccccc21,1,base,pKAH1,10.26,chembl,IWDAUCHNKSJCIN-UHFFFAOYSA-N
90363,C6H13N3,primary,CN1CNC=C1CCN,8,base,pKAH1,9.82,chembl,ODCUZVZTPVCRJC-UHFFFAOYSA-N
26833,C12H16N4,primary,NC1CCN(c2ccnc3[nH]ccc23)CC1,0,base,pKAH1,10.03,chembl,ZFBACGKIDNXYRK-UHFFFAOYSA-N
73004,C10H16N2O2,secondary,CCCCN1C(=O)[C@H]2CNC[C@H]2C1=O,9,base,pKAH1,10.12,chembl,ZPRLIVZAZTWOCW-OCAPTIKFSA-N
7615,C12H16N2O,secondary,Cc1ccc2n(c1=O)C[C@@H]1CNC[C@H]2C1,11,base,pKAH1,9.82,chembl,MYEABNSFVNHLCV-VHSXEESVSA-N
56565,C13H19N,primary,C[C@H]1CC[C@@](N)(c2ccccc2)CC1,5,base,pKAH1,9.84,chembl,PXAFMWXLNJQIQP-AULYBMBSSA-N
62504,C12H15N3,secondary,C1=C(c2cncnc2)CC2CNCC1C2,11,base,pKAH1,10.48,chembl,BOLXMIIYJAOMEO-UHFFFAOYSA-N
51039,C13H21N,secondary,C1CC23CC4CC(CC(C4)C2CN1)C3,12,base,pKAH1,10.5,chembl,ZKLVWYDBXRUGSD-UHFFFAOYSA-N
23563,C12H21N,primary,CC1(C)C2CC3CC(C2)CC1(N)C3,11,base,pKAH1,10.48,chembl,KQVMJTUONQGSFE-UHFFFAOYSA-N
1221,C10H15N,primary,Cc1ccc(CC(C)N)cc1,8,base,pKAH1,10.04,chembl,ZDHZDWSHLNBTEB-UHFFFAOYSA-N
116502,C11H14N2O,secondary,Oc1ccc([C@H]2CC3CCC2N3)cn1,11,base,pKAH1,10.52,chembl,DFBQWJREWVWEKO-HWOCKDDLSA-N
3856,C10H24N4,primary,NCCCC1CNCCN1CCCN,0,base,pKAH1,10.44,chembl,MONKMMOKPDOZIP-UHFFFAOYSA-N
79006,C11H15N,primary,NC1C2C3CC4C1C1C2CC3C41,0,base,pKAH1,10.51,chembl,QJVKRKOJYPDHKU-UHFFFAOYSA-N
108445,C9H12N2O,secondary,c1cncc(O[C@@H]2CCNC2)c1,9,base,pKAH1,10.26,chembl,DCWKRPJLVIHGCZ-SECBINFHSA-N
8861,C11H14N2O,secondary,Oc1ccc(C2CC3CCC2N3)cn1,11,base,pKAH1,10.52,chembl,DFBQWJREWVWEKO-UHFFFAOYSA-N
60930,C8H17NO5,primary,NCC[C@@H]1OC(CO)C(O)C(O)C1O,0,base,pKAH1,9.83,chembl,BNFUZESWWRCHFC-DKBGPPMCSA-N
37630,C12H16N2O2,secondary,O=C(c1ccco1)N1CC2CNCC(C2)C1,11,base,pKAH1,10.26,chembl,PSXPQUNJMZAIKK-UHFFFAOYSA-N
82213,C13H20N4O2,primary,CC(C)[C@H](N)C(=O)OCc1cccc(NC(=N)N)c1,16,base,pKAH1,10.21,chembl,CLFKRUPVXBZVAA-NSHDSACASA-N
6119,C12H14N2O,secondary,N#Cc1cccc(OC[C@@H]2CCCN2)c1,13,base,pKAH1,10.49,chembl,MJNATFPQHMITLN-NSHDSACASA-N
75828,C6H13N3O,secondary,NNC(=O)C1CCNCC1,7,base,pKAH1,10.16,chembl,ARKTVCBOWGYYFS-UHFFFAOYSA-N
61548,C11H13N,secondary,CNCCC#Cc1ccccc1,1,base,pKAH1,9.87,chembl,XPYGPCNMIKCKIY-UHFFFAOYSA-N
24267,C12H16N2,secondary,Cc1ccc(C2CC3CCC2N3)cn1,11,base,pKAH1,10.6,chembl,VAOCMWAHGCGSLX-UHFFFAOYSA-N
22486,C12H13N3O,primary,C[C@H](N)Cn1ncc2ccc3occc3c21,2,base,pKAH1,9.87,chembl,XAEAYQWCVVRSFL-QMMMGPOBSA-N
86141,C10H18N2O2,secondary,CN(C)C(=O)OC1CC2CCCC1N2,13,base,pKAH1,10.16,chembl,UDBDFXRMZNLBFC-UHFFFAOYSA-N
43248,C10H17N3,secondary,c1nc(CCC2CCCNC2)c[nH]1,9,base,pKAH1,10.49,chembl,ARRCCCIOHBCTKB-UHFFFAOYSA-N
57759,C12H14N2O2,secondary,O=[N+]([O-])c1ccc2c(c1)CC1CNCC2C1,12,base,pKAH1,9.97,chembl,NTFKOQBZSNCLLA-UHFFFAOYSA-N
37958,C11H15N,primary,CC(N)C/C=C/c1ccccc1,2,base,pKAH1,10.4,chembl,LLHJXESMOGGFAI-WEVVVXLNSA-N
1994,C11H15N,primary,NCCC1CCc2ccccc21,0,base,pKAH1,10.04,chembl,KQLYVTCAUKHNRW-UHFFFAOYSA-N
3405,C10H13N5,secondary,c1nc2nc(C3CCNCC3)nc-2c[nH]1,8,base,pKAH1,9.89,chembl,KJZSUHGHPROGFR-UHFFFAOYSA-N
107535,C11H19NO2,tertiary,CN(C)C1CC2=C(C1)C[C@H](O)[C@H](O)C2,1,base,pKAH1,9.88,chembl,QVRZTKUEPVTQCR-FGWVZKOKSA-N
35491,C11H16N2O,secondary,O=c1ccccn1CC1CCNCC1,11,base,pKAH1,10.35,chembl,WLPUWPRHPIZJQK-UHFFFAOYSA-N
23947,C9H20N2O6,primary,NCCCCCN.O=C(O)C(O)C(O)C(=O)O,0,base,pKAH1,10.51,chembl,XQQOJBCYIVPQPR-UHFFFAOYSA-N
69845,C10H14N2O,secondary,Cc1cc(C2CC3CCC2N3)on1,10,base,pKAH1,10.1,chembl,GEEFPQBPVBFCSD-UHFFFAOYSA-N
20041,C13H16N2O,secondary,C=Cc1ccc2n(c1=O)CC1CNCC2C1,12,base,pKAH1,9.82,chembl,VHMDFCVLQUZHMQ-UHFFFAOYSA-N
35529,C12H17NO2,secondary,CNC(C)(C)Cc1ccc2c(c1)OCO2,1,base,pKAH1,10.23,chembl,CRFWCCGPRXKZSM-UHFFFAOYSA-N
13587,C9H13N3O,secondary,Cn1nc2c(cc1=O)CCNCC2,10,base,pKAH1,9.9,chembl,QVQKTCYTABLGTN-UHFFFAOYSA-N
19147,C12H24N2O,tertiary,CC1OC2(CCN(C)CC2)CC1N(C)C,6,base,pKAH1,9.92,chembl,XOSAAJZSXBXLJH-UHFFFAOYSA-N
46764,C7H12N2O2,primary,CONC(=O)C1=CCC(N)C1,9,base,pKAH1,10.31,chembl,AAMFNQIXFSURJQ-UHFFFAOYSA-N
22892,C6H15NO,primary,CCC[C@@H](O)[C@H](C)N,7,base,pKAH1,9.83,chembl,TXRCHGMTTXKTPE-NTSWFWBYSA-N
55609,C11H15NO2,primary,CC(C)(N)Cc1ccc2c(c1)OCO2,3,base,pKAH1,10.25,chembl,OIZBHKBNZXRXSM-UHFFFAOYSA-N
96385,C8H13NO2,secondary,COC(=O)[C@H]1C[C@@H]2CN[C@H]1C2,8,base,pKAH1,10.15,chembl,BQCQFRLCYCZHOD-ACZMJKKPSA-N
13706,C13H27N11,primary,NNc1nc(N2C[C@H](N)C[C@H](N)C2)nc(N2C[C@H](N)C[C@H](N)C2)n1,21,base,pKAH1,10.25,chembl,FPSUDZDIIPUWEV-YNFQOJQRSA-N
16750,C13H14N2O2,secondary,O=c1[nH]ccc2cc(O[C@H]3CCNC3)ccc12,12,base,pKAH1,10.28,chembl,MJHLFDZNTKULCZ-NSHDSACASA-N
4691,C13H19N,secondary,Cc1cccc(C2CCCNC2)c1C,10,base,pKAH1,10.1,chembl,TXQGNZXKUWJMKW-UHFFFAOYSA-N
68718,C8H11NO3,primary,NCCCc1cc(=O)c(O)co1,0,base,pKAH1,10.11,chembl,GNSGZWLPEAMWMR-UHFFFAOYSA-N
13849,C11H15NO3,primary,COc1ccc2c(c1CC(C)N)OCO2,11,base,pKAH1,9.83,chembl,CMLBFORYSUACKE-UHFFFAOYSA-N
75902,C11H19N,primary,CC12CC3CC1(C)CC3(CN)C2,10,base,pKAH1,9.9,chembl,WEPGXLBMDZKVHV-UHFFFAOYSA-N
11041,C13H17NO2,secondary,COc1cccc2c1CC1(CCCN1)CO2,13,base,pKAH1,10.32,chembl,KUXGHNDAHPGZBD-UHFFFAOYSA-N
16589,C10H16N2O,secondary,O=C(C1CC1)N1CC2CNC(C2)C1,9,base,pKAH1,10.52,chembl,HFALPZZGNQXIMP-UHFFFAOYSA-N
124898,C9H17NO,secondary,CCOC[C@H]1[C@@H]2CNC[C@@]21C,7,base,pKAH1,11.01,chembl,YUSAYELUMYRKMP-CIUDSAMLSA-N
99137,C12H17N,secondary,C=C1CC23CC=CCC2(CNC3)C1,10,base,pKAH1,11.37,chembl,IAOTWDIBROTWOP-UHFFFAOYSA-N
7803,C9H16N2O,secondary,CCC(=O)N1CC2CNCC2C1,8,base,pKAH1,11.17,chembl,YERXBIUSFBYSAG-UHFFFAOYSA-N
6973,C11H21N,secondary,CN[C@]1(C)[C@H]2CC[C@H](C2)C1(C)C,1,base,pKAH1,10.88,chembl,IMYZQPCYWPFTAG-WCABBAIRSA-N
31399,C12H29N3,secondary,CCNCCCCNCCCCNCC,7,base,pKAH1,11.14,chembl,UBHGJAQGOFWBJT-UHFFFAOYSA-N
48974,C11H15N,secondary,C1C2[C@@H]3[C@H]2[C@@H]2C1[C@H]3[C@@H]1CNC[C@@H]12,9,base,pKAH1,11.5,chembl,SHLGZFNGFOSBOS-JOGMWOLXSA-N
18503,C12H18N6O3,primary,NC(N)=NCCC[C@@H](N)C(=O)Nc1ccc([N+](=O)[O-])cc1,3,base,pKAH1,11.29,chembl,TWYRZWVFWYSNBU-SNVBAGLBSA-N
35242,C9H13N3,primary,N=C(N)c1ccc(CCN)cc1,0,base,pKAH1,11.75,chembl,YBXXTLSPMFKJDC-UHFFFAOYSA-N
7668,C8H14N2O,secondary,CC(=O)N1CC2CNCC2C1,7,base,pKAH1,11.17,chembl,JVTWFZWFTGAAGI-UHFFFAOYSA-N
78469,C13H17N,secondary,Cc1cccc2c1C(C)[C@@H]1CNC[C@H]21,11,base,pKAH1,11.07,chembl,QXWBUZGTHPJGMR-CLGJWYQZSA-N
25579,C12H15NO,secondary,Oc1cccc([C@H]2C[C@@H]3CC[C@H]2N3)c1,12,base,pKAH1,10.93,chembl,YBSIIWUTXMMWKC-MVWJERBFSA-N
58253,C10H21N,secondary,C[C@@H]1CCCCCCCNC1,9,base,pKAH1,10.9,chembl,XAVGEVIBENPYFK-SNVBAGLBSA-N
17863,C8H13N3,secondary,C[C@H]1C[C@H](c2c[nH]cn2)CN1,10,base,pKAH1,10.8,chembl,CEAXLMXSIPYCJN-BQBZGAKWSA-N
91995,C11H18N2O,secondary,C[C@@H]1C[C@@H]1C(=O)N1CC2CNCC2C1,10,base,pKAH1,11.17,chembl,HFIMLFRJUJSWHZ-WOOKNIGNSA-N
22732,C8H21N3,primary,NCCCCNCCCCN,10,base,pKAH1,10.94,chembl,UODZHRGDSPLRMD-UHFFFAOYSA-N
31016,C9H19N5,primary,CN1C[C@@H]2[C@@H](N)N=C(N)N[C@@H]2C1(C)C,6,base,pKAH1,11.26,chembl,KDNBZCWCBFGCLL-ACZMJKKPSA-N
54859,C10H17N,secondary,C1CC23CCCC2(C1)CNC3,9,base,pKAH1,11.22,chembl,OFYSFNKPEWRMPJ-UHFFFAOYSA-N
94802,C8H15NO,secondary,O[C@H]1CC[C@H]2CCN[C@H]2C1,7,base,pKAH1,11.08,chembl,WPMCENBDLQRRNM-FXQIFTODSA-N
11643,C8H17N3,primary,NCCC1CCCCC(N)=N1,0,base,pKAH1,11.45,chembl,KENFUNZIVHXJNM-UHFFFAOYSA-N
56552,C12H15NO3,secondary,O=C(O[C@H]1C[C@H]2CC[C@@H](C1)N2)c1ccco1,10,base,pKAH1,11.02,chembl,IQOCOEKVHABEGN-MYJAWHEDSA-N
32316,C8H13N3,secondary,C[C@H]1CNC[C@@H]1c1c[nH]cn1,3,base,pKAH1,10.85,chembl,KTEPQLOOQDLKHF-BQBZGAKWSA-N
110596,C12H23N,secondary,CCNC12CCC(C1)C(C)C2(C)C,2,base,pKAH1,10.9,chembl,REFDGGMAAKABGS-UHFFFAOYSA-N
71288,C8H16N2,primary,N[C@@]12CCCC[C@H]1CNC2,8,base,pKAH1,11.07,chembl,CAIDONUSMPDGKG-JGVFFNPUSA-N
7886,C12H30N4,primary,CC(N)CCNCCCCNCCC(C)N,5,base,pKAH1,10.87,chembl,LXKFTCVCBKNJNM-UHFFFAOYSA-N
20153,C6H13N3,tertiary,CN1CCN=C(N)CC1,6,base,pKAH1,11.18,chembl,JHKLXDHMHQEJKT-UHFFFAOYSA-N
117905,C10H21N5O,primary,NCC[C@H](N=C(N)N)C(=O)N1CCCCC1,4,base,pKAH1,11.2,chembl,GZARBUXJNLDHFQ-QMMMGPOBSA-N
3329,C12H15N3O,secondary,O=C(c1ccncc1)N1CC2CNCC2C1,12,base,pKAH1,11.17,chembl,HZQBHNQELXWIPY-UHFFFAOYSA-N
109951,C9H15N3,secondary,CC[C@H]1NCC[C@@H]1c1c[nH]cn1,3,base,pKAH1,10.95,chembl,JJFQHOLRCLDQSB-JGVFFNPUSA-N
10048,C12H25N7,tertiary,CN(CCCNC1=NCCN1)CCNC1=NCCN1,1,base,pKAH1,11.56,chembl,MDJSCKQWMQVPOD-UHFFFAOYSA-N
43476,C13H16N2O,secondary,[2H]C([2H])(c1c[nH]c2cccc(O)c12)[C@@H]1CCCN1,17,base,pKAH1,11.35,chembl,PVFAYAZDVYXQFR-KHQCYXSFSA-N
102651,C11H18N2O,secondary,C[C@@H]1C[C@H]1C(=O)N1CC2CNCC2C1,10,base,pKAH1,11.17,chembl,HFIMLFRJUJSWHZ-SEZDTBSWSA-N
5151,C8H15N,tertiary,C[C@H]1CCN2CCC[C@@H]12,4,base,pKAH1,11.15,chembl,BFHBAQJJQJPDGF-YUMQZZPRSA-N
84668,C12H13N3O2,secondary,N#Cc1coc(C(=O)N2CC3CNCC3C2)c1,12,base,pKAH1,11.17,chembl,FEXICIZLMMJVEY-UHFFFAOYSA-N
35761,C5H11N3,secondary,N=C(N)[C@@H]1CCCN1,0,base,pKAH1,11.36,chembl,SYERHLYFHUKCKP-BYPYZUCNSA-N
99034,C12H27N3,primary,CCNCCCN[C@@H]1CCC[C@H](N)CC1,12,base,pKAH1,10.95,chembl,WOAWZQRVFAEPRV-NWDGAFQWSA-N
53699,C11H15N3,secondary,c1cncc(N2C[C@H]3CNC[C@H]3C2)c1,9,base,pKAH1,11.12,chembl,KOMXDDRATCALPT-AOOOYVTPSA-N
27046,C11H21N,secondary,CN[C@]1(C)[C@@H]2CC[C@@H](C2)C1(C)C,1,base,pKAH1,10.88,chembl,IMYZQPCYWPFTAG-IQJOONFLSA-N
66609,C13H28N6O6,primary,NC[C@H]1O[C@H](O[C@H]2[C@H](O)[C@@H](O)[C@H](N)C[C@@H]2N=C(N)N)[C@H](N)[C@@H](O)[C@@H]1O,15,base,pKAH1,10.84,chembl,ACPNRRBFSYRDDY-HKEUSBCWSA-N
12820,C4H9N,secondary,C1CCNC1,3,base,pKAH1,11.4,chembl,RWRDLPDLKQPQOW-UHFFFAOYSA-N
43838,C12H21N,primary,CCC1(N)C2CC3CC(C2)CC1C3,3,base,pKAH1,10.85,chembl,KKYGOXFNQZFIQT-UHFFFAOYSA-N
46667,C13H18N6,secondary,Cc1cc(N2CCC3(CCNC3)C2)n2ncnc2n1,10,base,pKAH1,10.98,chembl,KPSKRSDOPQQYCQ-UHFFFAOYSA-N
34324,C13H17NO,secondary,c1ccc(OC2CC3CCC(C2)N3)cc1,12,base,pKAH1,10.82,chembl,HQWOOKZKFBMBCD-UHFFFAOYSA-N
41347,C12H17N3,secondary,c1cncc(N2CCC3(CCNC3)C2)c1,11,base,pKAH1,10.98,chembl,VDJKJWWRXHDLDM-UHFFFAOYSA-N
31675,C11H27N3,secondary,CNCCCCCNCCCCNC,7,base,pKAH1,11.1,chembl,XKYBSWSETKPDPO-UHFFFAOYSA-N
11591,C10H17N,secondary,CNC12CC3CC(CC1C3)C2,1,base,pKAH1,10.86,chembl,QBTYINCSCXTRCI-UHFFFAOYSA-N
62195,C10H13N3O2,secondary,O=C(c1ncco1)N1CC2CNCC2C1,11,base,pKAH1,11.17,chembl,CWYMBKHGVCNXNE-UHFFFAOYSA-N
95906,C12H21N,secondary,C=C1C2CCC(NCC)(C2)C1(C)C,6,base,pKAH1,10.8,chembl,PMFXKOHVDZVHFJ-UHFFFAOYSA-N
22801,C4H9N3,secondary,N=C(N)[C@@H]1CCN1,0,base,pKAH1,11.33,chembl,JQAXMIRHPUQOBI-VKHMYHEASA-N
12096,C13H16N2O,secondary,O=C(c1ccccc1)N1CC2CNCC2C1,12,base,pKAH1,11.17,chembl,FPPMNAOECAYTAK-UHFFFAOYSA-N
5947,C9H23N3,primary,NCCCCCNCCCCN,0,base,pKAH1,10.94,chembl,XHRDTOGCOTXOLX-UHFFFAOYSA-N
17704,C12H23NO,tertiary,CN(C1CCCCC1)C1CCOCC1,1,base,pKAH1,10.85,chembl,DEZUHHGUZRMLAP-UHFFFAOYSA-N
44945,C10H25N3,primary,CCCNCCCCNCCCN,3,base,pKAH1,10.94,chembl,XTALVIACDLORFR-UHFFFAOYSA-N
62063,C10H16N2O,secondary,O=C(C1CC1)N1CC2CNCC2C1,9,base,pKAH1,11.17,chembl,OEWOQZPDLZUIGU-UHFFFAOYSA-N
43662,C10H25N3,secondary,CNCCCCNCCCCNC,6,base,pKAH1,11.1,chembl,KTMMHCZMWYHHLU-UHFFFAOYSA-N
62048,C12H23N3,secondary,CC(C)(C)NCCCCCc1c[nH]cn1,4,base,pKAH1,10.8,chembl,AFJWXHZYSMRBOR-UHFFFAOYSA-N
10326,C6H12N2,secondary,C1NCC2CNCC12,1,base,pKAH1,11.37,chembl,QFCMBRXRVQRSSF-UHFFFAOYSA-N
13764,C11H17N,secondary,C=C1CC23CCCC2(CNC3)C1,9,base,pKAH1,11.24,chembl,GGEMOKIUKBLHJR-UHFFFAOYSA-N
85834,C13H23N3,secondary,c1nc(CCCCNC2CCCCC2)c[nH]1,7,base,pKAH1,10.93,chembl,MJTKHTWGWXGNME-UHFFFAOYSA-N
90296,C7H17N3O,primary,COCC(=N)NCCCCN,10,base,pKAH1,11.31,chembl,VPGWFXXKDRSBKF-UHFFFAOYSA-N
120225,C8H13N3,secondary,C[C@@H]1NCC[C@@H]1c1c[nH]cn1,2,base,pKAH1,10.8,chembl,FLOJCNYYPGNYBP-BQBZGAKWSA-N
38330,C11H15NO,secondary,COc1cccc(C2CCNC2)c1,10,base,pKAH1,10.94,chembl,MDZWFRVPKYMLPL-UHFFFAOYSA-N
40570,C6H16N2,secondary,CNCCCCNC,1,base,pKAH1,10.84,chembl,CZPRYVBLOUZRGD-UHFFFAOYSA-N
1416,C12H29N3,secondary,CNCCCCCNCCCCCNC,7,base,pKAH1,11.1,chembl,CQPPTKPCYJLWNF-UHFFFAOYSA-N
115250,C8H16N2,primary,N[C@@]12CCCC[C@@H]1CNC2,8,base,pKAH1,11.07,chembl,CAIDONUSMPDGKG-HTQZYQBOSA-N
18539,C11H19N,secondary,CNC12CC3(C)CC1CC3(C)C2,1,base,pKAH1,10.82,chembl,ARNYFQFSZXOQHL-UHFFFAOYSA-N
42430,C13H16N2O,secondary,Oc1cccc2[nH]cc(C[C@H]3CCCN3)c12,14,base,pKAH1,11.35,chembl,PVFAYAZDVYXQFR-SNVBAGLBSA-N
36844,C13H31N5O,primary,NCCCNCCCCNCCCNC(=O)CCN,0,base,pKAH1,10.8,chembl,ZFUXBKAPCODIPT-UHFFFAOYSA-N
126905,C11H13N3,secondary,c1cnc2[nH]c(C3CCNC3)cc2c1,9,base,pKAH1,10.85,chembl,KOWVUSHBSAGCKE-UHFFFAOYSA-N
13697,C11H18N2O,secondary,C[C@H]1C[C@@H]1C(=O)N1CC2CNCC2C1,10,base,pKAH1,11.17,chembl,HFIMLFRJUJSWHZ-NFTFJBJSSA-N
51999,C12H21N,secondary,CC1CC23CNCC2(C1)CC(C)C3,5,base,pKAH1,11.22,chembl,UGAVGLPULRTEGW-UHFFFAOYSA-N
8111,C11H27N3,secondary,CCNCCCCNCCCNCC,2,base,pKAH1,10.92,chembl,OPGANUOFXWVURM-UHFFFAOYSA-N
54681,C13H23N,secondary,CNC12CC3CC(C)(CC(C)(C3)C1)C2,1,base,pKAH1,10.9,chembl,FQPYRWAIWQNTFQ-UHFFFAOYSA-N
63118,C8H13N3,secondary,c1nc(C[C@@H]2CCNC2)c[nH]1,7,base,pKAH1,11.05,chembl,YGGBVTGACIFVRB-ZETCQYMHSA-N
56828,C13H23N3,secondary,c1nc(CCCCCNC2CCCC2)c[nH]1,8,base,pKAH1,10.87,chembl,ZHNRRDSCSQZYAU-UHFFFAOYSA-N
5719,C8H20N2,primary,CC(C)(N)CCC(C)(C)N,9,base,pKAH1,10.97,chembl,JWTVQZQPKHXGFM-UHFFFAOYSA-N
54009,C11H14N4,secondary,c1ccc2c(c1)nnn2C[C@H]1CCCN1,14,base,pKAH1,10.86,chembl,FOWRKDSQAPWGQE-SECBINFHSA-N
80377,C11H28N4,primary,CC(N)CCNCCCCNCCCN,5,base,pKAH1,10.84,chembl,HRVWUGLKFLQAIY-UHFFFAOYSA-N
3456,C11H21N,secondary,CNC1(C)[C@H]2CC[C@H](C2)C1(C)C,1,base,pKAH1,10.88,chembl,IMYZQPCYWPFTAG-VFXVZZSQSA-N
10486,C12H15NO2,secondary,O=C(c1ccco1)[C@H]1C[C@H]2CNC[C@H]2C1,11,base,pKAH1,11.39,chembl,NZYPTMVAFUKKKD-OWUUHHOZSA-N
56363,C11H17N,secondary,C1=CC[C@]23CCC[C@@]2(C1)CNC3,10,base,pKAH1,11.36,chembl,IHIQDPZMFPXCTF-PHIMTYICSA-N
2766,C5H11N3,secondary,N=C(N)C1CCCN1,0,base,pKAH1,11.36,chembl,SYERHLYFHUKCKP-UHFFFAOYSA-N
12104,C9H17N,secondary,C1CCC2(CC1)CCCN2,9,base,pKAH1,11.7,chembl,LGKNCSVHCNCJQG-UHFFFAOYSA-N
74146,C7H13N,tertiary,C1CN2CCC1CC2,2,base,pKAH1,10.9,chembl,SBYHFKPVCBCYGV-UHFFFAOYSA-N
81568,C10H21N5O,primary,NC(N)=NCC[C@H](N)C(=O)N1CCCCC1,3,base,pKAH1,11.75,chembl,QKNZZHHRLYHBSF-QMMMGPOBSA-N
58019,C13H17NO,secondary,COc1cccc2c1C[C@H]1CCN[C@H]1C2,12,base,pKAH1,11.13,chembl,OBGADVDRELNMHY-PWSUYJOCSA-N
67307,C13H25N,secondary,CC(C)N[C@@H]1C[C@@H]2C[C@H]([C@H]1C)C2(C)C,3,base,pKAH1,10.96,chembl,DWYAAEFCRQCUHL-WRWGMCAJSA-N
5579,C13H22N2,tertiary,CCCN(CCC)C1CC=C(C#N)CC1,3,base,pKAH1,11.2,chembl,WKFNOWSGTCBYBL-UHFFFAOYSA-N
58465,C9H15NO2,secondary,COC(=O)[C@H]1C[C@H]2CNC[C@H]2C1,8,base,pKAH1,11.49,chembl,FHIJCASAUMRSAS-WHUPJOBBSA-N
71946,C11H18N2O,secondary,C[C@H]1C[C@H]1C(=O)N1CC2CNCC2C1,10,base,pKAH1,11.17,chembl,HFIMLFRJUJSWHZ-AUXWQGHOSA-N
70276,C10H13N,secondary,C1C2C3CC4C1C1C2NC3C41,8,base,pKAH1,11.24,chembl,AWGULFDHHFSTLO-UHFFFAOYSA-N
450,C10H13N,secondary,c1ccc(C2CCNC2)cc1,7,base,pKAH1,10.99,chembl,PRRFFTYUBPGHLE-UHFFFAOYSA-N
104488,C12H18N2O,secondary,O=C1CCCN1CC#CC[C@H]1CCCN1,14,base,pKAH1,10.95,chembl,QUNNKIIZGPBYSY-NSHDSACASA-N
74900,C11H23N5O,primary,NC(N)=NCCCC(N)C(=O)N1CCCCC1,3,base,pKAH1,11.35,chembl,BJEKZAHKFCREOG-UHFFFAOYSA-N
33007,C5H11N3,secondary,NC1=NCCNCC1,0,base,pKAH1,11.19,chembl,IXHBPEZYQPMRPN-UHFFFAOYSA-N
45786,C8H11N3,primary,N=C(N)c1ccc(CN)cc1,0,base,pKAH1,11.49,chembl,CHOGNBXWAZDZBM-UHFFFAOYSA-N
26131,C8H13N3,secondary,c1nc(CC2CCNC2)c[nH]1,7,base,pKAH1,11.05,chembl,YGGBVTGACIFVRB-UHFFFAOYSA-N
18173,C10H13NO,secondary,Oc1cccc(C2CCNC2)c1,9,base,pKAH1,11.14,chembl,BSVULIRVFCFZPE-UHFFFAOYSA-N
54432,C12H15N3O,secondary,O=C(c1ccccn1)N1CC2CNCC2C1,12,base,pKAH1,11.17,chembl,KPURMDWMUNJNJZ-UHFFFAOYSA-N
10722,C10H25N3,primary,NCCCCCNCCCCCN,0,base,pKAH1,10.95,chembl,LQKGNRMGQFTFIU-UHFFFAOYSA-N
16570,C12H30N4,primary,CCNCCCNCCCCNCCCN,6,base,pKAH1,10.87,chembl,GMPAHNFBSGCUHV-UHFFFAOYSA-N
55901,C11H27N5,primary,NCCCCCNCCCCCN=C(N)N,0,base,pKAH1,11.84,chembl,RLZQVFQTHXKQEX-UHFFFAOYSA-N
122734,C12H18N4O,primary,CC(=N)NCc1cccc(CNC(=O)CN)c1,2,base,pKAH1,12.16,chembl,IQBRKJVRLPSQLW-UHFFFAOYSA-N
41232,C13H21N,secondary,C1CNC2(C1)C1CC3CC(C1)CC2C3,2,base,pKAH1,11.95,chembl,BCUHESAGKKNPKY-UHFFFAOYSA-N
114046,C9H20N4O2,primary,CCOC(=O)[C@@H](N)CC/N=C(\N)N(C)C,9,base,pKAH1,12.24,chembl,VFGPVSVYLQJDDC-ZETCQYMHSA-N
3320,C9H21N5,tertiary,CN1CCN(CCCN=C(N)N)CC1,8,base,pKAH1,11.8,chembl,BKTZIZAWQMGVPX-UHFFFAOYSA-N
73350,C5H14N4,primary,NCCCCN=C(N)N,5,base,pKAH1,12.14,chembl,QYPPJABKJHAVHS-UHFFFAOYSA-N
88132,C10H22N4O2,primary,CCCOC(=O)[C@@H](N)CC/N=C(\N)N(C)C,10,base,pKAH1,12.15,chembl,DJOALUSIMVVTHA-QMMMGPOBSA-N
114592,C10H22N4O2,primary,CC(C)OC(=O)[C@@H](N)CC/N=C(\N)N(C)C,10,base,pKAH1,12.17,chembl,IEWCLTUKTXSQJF-QMMMGPOBSA-N
58925,C10H15N3,primary,CC(=N)NCc1cccc(CN)c1,2,base,pKAH1,12.16,chembl,RODUKNYOEVZQPR-UHFFFAOYSA-N
75359,C10H22N4,tertiary,CC1CCN(CCCN=C(N)N)CC1,8,base,pKAH1,11.81,chembl,NIHBOFIECFLYQB-UHFFFAOYSA-N
83037,C13H31N5,primary,NCCCCCCNCCCCCCN=C(N)N,14,base,pKAH1,11.84,chembl,XEWLLGLBQLDING-UHFFFAOYSA-N
10782,C10H24N4,secondary,CCNCCCCCCCN=C(N)N,10,base,pKAH1,11.82,chembl,AJYARMNKTAKAGT-UHFFFAOYSA-N
23528,C4H9N3,secondary,N=C(N)C1CNC1,0,base,pKAH1,12.18,chembl,AEXLMEHPCRNKTC-UHFFFAOYSA-N
24690,C9H22N4,primary,NCCCCCCCCN=C(N)N,9,base,pKAH1,11.8,chembl,XHTVDMDQVFYPOY-UHFFFAOYSA-N
22442,C7H18N4,primary,NCCCCCCN=C(N)N,7,base,pKAH1,11.96,chembl,YCFMDZYUHFANML-UHFFFAOYSA-N
84118,C9H23N5,primary,NCCCCNCCCCN=C(N)N,10,base,pKAH1,11.82,chembl,UWMSMUFMGYNQGW-UHFFFAOYSA-N
116469,C11H24N4O2,primary,CCCCOC(=O)[C@@H](N)CC/N=C(\N)N(C)C,11,base,pKAH1,12.09,chembl,LYDSHURCPDYTNP-VIFPVBQESA-N
22682,C7H19N5,primary,NCCCNCCCN=C(N)N,8,base,pKAH1,11.84,chembl,JZMIFVCXIVAXQM-UHFFFAOYSA-N
123405,C10H20N4O,primary,C=CCN/C(N)=N\CCCC(N)C(C)=O,6,base,pKAH1,12.01,chembl,SQSAXRFSMUPPDO-UHFFFAOYSA-N
122255,C9H20N4O3,tertiary,N=C(N)NCCCN1C[C@H](O)[C@H](O)[C@H]1CO,0,base,pKAH1,12.13,chembl,SRVFEOTUDNUOFZ-GJMOJQLCSA-N
90112,C8H18N4O3,tertiary,N=C(N)NCCN1C[C@H](O)[C@H](O)[C@H]1CO,0,base,pKAH1,12.14,chembl,XQSUAMWKKQZJOK-DSYKOEDSSA-N
123995,C6H13N3,secondary,N=C(N)C1CCCNC1,0,base,pKAH1,12.48,chembl,VUABPLGJPNFBHR-UHFFFAOYSA-N
112444,C8H17N3,primary,C=CCC(=N)NCCCCN,4,base,pKAH1,12.33,chembl,UHRBMIUEKLWEPB-UHFFFAOYSA-N
34301,C6H16N4,primary,NCCCCCN=C(N)N,0,base,pKAH1,12.05,chembl,XJHFHPPZQVRVHD-UHFFFAOYSA-N
56302,C10H22N4O3,primary,COCC/N=C(/N)NCCC[C@H](N)C(=O)OC,4,base,pKAH1,11.83,chembl,HBEZFJUPDYWRKL-QMMMGPOBSA-N
80738,C8H18N4O3,secondary,N=C(N)NCC[C@@H]1N[C@H](CO)[C@@H](O)[C@H]1O,0,base,pKAH1,12.24,chembl,LOAUXOACERDXAB-BNHYGAARSA-N
109851,C8H18N4O2,primary,COC(=O)[C@@H](N)CC/N=C(\N)N(C)C,8,base,pKAH1,12.33,chembl,VFBZBSLCCQJMIU-LURJTMIESA-N
30180,C8H19N3O,primary,COCCC(=N)NCCCCN,5,base,pKAH1,12.15,chembl,NKOLVKHFZABKSR-UHFFFAOYSA-N
